"JOURNEY_ID","PERSONA","PRECONDITION","JOURNEY","STEPS","EXPECTED_OUTCOME","NEGATIVE_ASSERTION","TEST_LAYER","OWNER_DECISION","RESULT"
"E2E-001","single-shop owner","online active membership","owner onboarding","authenticate > create draft > shop > sector > location > submit","Authoritative pending or active state per policy","No merchant role from client metadata","app integration","VERIFICATION_POLICY_OPEN","DESIGN_CONTRACT_PASS"
"E2E-002","technically inexperienced owner","slow interaction and accessibility mode","owner onboarding","authenticate > create draft > shop > sector > location > submit","Authoritative pending or active state per policy","No merchant role from client metadata","physical/widget","VERIFICATION_POLICY_OPEN","DESIGN_CONTRACT_PASS"
"E2E-003","catalog editor","narrow catalog capability","owner onboarding","authenticate > create draft > shop > sector > location > submit","Authoritative pending or active state per policy","No merchant role from client metadata","RLS/integration","VERIFICATION_POLICY_OPEN","DESIGN_CONTRACT_PASS"
"E2E-004","QR verifier","narrow QR capability","owner onboarding","authenticate > create draft > shop > sector > location > submit","Authoritative pending or active state per policy","No merchant role from client metadata","physical/RLS","VERIFICATION_POLICY_OPEN","DESIGN_CONTRACT_PASS"
"E2E-005","multi-branch manager","two authorized shops","owner onboarding","authenticate > create draft > shop > sector > location > submit","Authoritative pending or active state per policy","No merchant role from client metadata","integration","VERIFICATION_POLICY_OPEN","DESIGN_CONTRACT_PASS"
"E2E-006","revoked staff","stale session and cache","owner onboarding","authenticate > create draft > shop > sector > location > submit","Authoritative pending or active state per policy","No merchant role from client metadata","security integration","VERIFICATION_POLICY_OPEN","DESIGN_CONTRACT_PASS"
"E2E-007","regulated merchant","policy review pending","owner onboarding","authenticate > create draft > shop > sector > location > submit","Authoritative pending or active state per policy","No merchant role from client metadata","policy integration","VERIFICATION_POLICY_OPEN","DESIGN_CONTRACT_PASS"
"E2E-008","weak-network merchant","timeout after submit possible","owner onboarding","authenticate > create draft > shop > sector > location > submit","Authoritative pending or active state per policy","No merchant role from client metadata","resilience integration","VERIFICATION_POLICY_OPEN","DESIGN_CONTRACT_PASS"
"E2E-009","returning merchant","app restart with draft or cached read","owner onboarding","authenticate > create draft > shop > sector > location > submit","Authoritative pending or active state per policy","No merchant role from client metadata","app integration","VERIFICATION_POLICY_OPEN","DESIGN_CONTRACT_PASS"
"E2E-010","adversarial merchant","forged IDs roles revisions or payload","owner onboarding","authenticate > create draft > shop > sector > location > submit","Authoritative pending or active state per policy","No merchant role from client metadata","security integration","VERIFICATION_POLICY_OPEN","DESIGN_CONTRACT_PASS"
"E2E-011","single-shop owner","online active membership","canonical listing","select shop > search product > choose variant > enter price and availability > submit","One authorized listing with revision","No canonical product field mutation","app integration","CATALOG_ROOTS_OPEN","DESIGN_CONTRACT_PASS"
"E2E-012","technically inexperienced owner","slow interaction and accessibility mode","canonical listing","select shop > search product > choose variant > enter price and availability > submit","One authorized listing with revision","No canonical product field mutation","physical/widget","CATALOG_ROOTS_OPEN","DESIGN_CONTRACT_PASS"
"E2E-013","catalog editor","narrow catalog capability","canonical listing","select shop > search product > choose variant > enter price and availability > submit","One authorized listing with revision","No canonical product field mutation","RLS/integration","CATALOG_ROOTS_OPEN","DESIGN_CONTRACT_PASS"
"E2E-014","QR verifier","narrow QR capability","canonical listing","select shop > search product > choose variant > enter price and availability > submit","One authorized listing with revision","No canonical product field mutation","physical/RLS","CATALOG_ROOTS_OPEN","DESIGN_CONTRACT_PASS"
"E2E-015","multi-branch manager","two authorized shops","canonical listing","select shop > search product > choose variant > enter price and availability > submit","One authorized listing with revision","No canonical product field mutation","integration","CATALOG_ROOTS_OPEN","DESIGN_CONTRACT_PASS"
"E2E-016","revoked staff","stale session and cache","canonical listing","select shop > search product > choose variant > enter price and availability > submit","One authorized listing with revision","No canonical product field mutation","security integration","CATALOG_ROOTS_OPEN","DESIGN_CONTRACT_PASS"
"E2E-017","regulated merchant","policy review pending","canonical listing","select shop > search product > choose variant > enter price and availability > submit","One authorized listing with revision","No canonical product field mutation","policy integration","CATALOG_ROOTS_OPEN","DESIGN_CONTRACT_PASS"
"E2E-018","weak-network merchant","timeout after submit possible","canonical listing","select shop > search product > choose variant > enter price and availability > submit","One authorized listing with revision","No canonical product field mutation","resilience integration","CATALOG_ROOTS_OPEN","DESIGN_CONTRACT_PASS"
"E2E-019","returning merchant","app restart with draft or cached read","canonical listing","select shop > search product > choose variant > enter price and availability > submit","One authorized listing with revision","No canonical product field mutation","app integration","CATALOG_ROOTS_OPEN","DESIGN_CONTRACT_PASS"
"E2E-020","adversarial merchant","forged IDs roles revisions or payload","canonical listing","select shop > search product > choose variant > enter price and availability > submit","One authorized listing with revision","No canonical product field mutation","security integration","CATALOG_ROOTS_OPEN","DESIGN_CONTRACT_PASS"
"E2E-021","single-shop owner","online active membership","missing product","search > refine > candidate form > duplicate check > submit","One pending candidate with status","No instant canonical publication","app integration","CANDIDATE_ACTIVATION_OPEN","DESIGN_CONTRACT_PASS"
"E2E-022","technically inexperienced owner","slow interaction and accessibility mode","missing product","search > refine > candidate form > duplicate check > submit","One pending candidate with status","No instant canonical publication","physical/widget","CANDIDATE_ACTIVATION_OPEN","DESIGN_CONTRACT_PASS"
"E2E-023","catalog editor","narrow catalog capability","missing product","search > refine > candidate form > duplicate check > submit","One pending candidate with status","No instant canonical publication","RLS/integration","CANDIDATE_ACTIVATION_OPEN","DESIGN_CONTRACT_PASS"
"E2E-024","QR verifier","narrow QR capability","missing product","search > refine > candidate form > duplicate check > submit","One pending candidate with status","No instant canonical publication","physical/RLS","CANDIDATE_ACTIVATION_OPEN","DESIGN_CONTRACT_PASS"
"E2E-025","multi-branch manager","two authorized shops","missing product","search > refine > candidate form > duplicate check > submit","One pending candidate with status","No instant canonical publication","integration","CANDIDATE_ACTIVATION_OPEN","DESIGN_CONTRACT_PASS"
"E2E-026","revoked staff","stale session and cache","missing product","search > refine > candidate form > duplicate check > submit","One pending candidate with status","No instant canonical publication","security integration","CANDIDATE_ACTIVATION_OPEN","DESIGN_CONTRACT_PASS"
"E2E-027","regulated merchant","policy review pending","missing product","search > refine > candidate form > duplicate check > submit","One pending candidate with status","No instant canonical publication","policy integration","CANDIDATE_ACTIVATION_OPEN","DESIGN_CONTRACT_PASS"
"E2E-028","weak-network merchant","timeout after submit possible","missing product","search > refine > candidate form > duplicate check > submit","One pending candidate with status","No instant canonical publication","resilience integration","CANDIDATE_ACTIVATION_OPEN","DESIGN_CONTRACT_PASS"
"E2E-029","returning merchant","app restart with draft or cached read","missing product","search > refine > candidate form > duplicate check > submit","One pending candidate with status","No instant canonical publication","app integration","CANDIDATE_ACTIVATION_OPEN","DESIGN_CONTRACT_PASS"
"E2E-030","adversarial merchant","forged IDs roles revisions or payload","missing product","search > refine > candidate form > duplicate check > submit","One pending candidate with status","No instant canonical publication","security integration","CANDIDATE_ACTIVATION_OPEN","DESIGN_CONTRACT_PASS"
"E2E-031","single-shop owner","online active membership","barcode-assisted listing","scan code > inspect match > confirm product > create listing","Correct eligible identity selected","No blind merge or merchant SKU globalization","app integration","BARCODE_AUTOLINK_OPEN","DESIGN_CONTRACT_PASS"
"E2E-032","technically inexperienced owner","slow interaction and accessibility mode","barcode-assisted listing","scan code > inspect match > confirm product > create listing","Correct eligible identity selected","No blind merge or merchant SKU globalization","physical/widget","BARCODE_AUTOLINK_OPEN","DESIGN_CONTRACT_PASS"
"E2E-033","catalog editor","narrow catalog capability","barcode-assisted listing","scan code > inspect match > confirm product > create listing","Correct eligible identity selected","No blind merge or merchant SKU globalization","RLS/integration","BARCODE_AUTOLINK_OPEN","DESIGN_CONTRACT_PASS"
"E2E-034","QR verifier","narrow QR capability","barcode-assisted listing","scan code > inspect match > confirm product > create listing","Correct eligible identity selected","No blind merge or merchant SKU globalization","physical/RLS","BARCODE_AUTOLINK_OPEN","DESIGN_CONTRACT_PASS"
"E2E-035","multi-branch manager","two authorized shops","barcode-assisted listing","scan code > inspect match > confirm product > create listing","Correct eligible identity selected","No blind merge or merchant SKU globalization","integration","BARCODE_AUTOLINK_OPEN","DESIGN_CONTRACT_PASS"
"E2E-036","revoked staff","stale session and cache","barcode-assisted listing","scan code > inspect match > confirm product > create listing","Correct eligible identity selected","No blind merge or merchant SKU globalization","security integration","BARCODE_AUTOLINK_OPEN","DESIGN_CONTRACT_PASS"
"E2E-037","regulated merchant","policy review pending","barcode-assisted listing","scan code > inspect match > confirm product > create listing","Correct eligible identity selected","No blind merge or merchant SKU globalization","policy integration","BARCODE_AUTOLINK_OPEN","DESIGN_CONTRACT_PASS"
"E2E-038","weak-network merchant","timeout after submit possible","barcode-assisted listing","scan code > inspect match > confirm product > create listing","Correct eligible identity selected","No blind merge or merchant SKU globalization","resilience integration","BARCODE_AUTOLINK_OPEN","DESIGN_CONTRACT_PASS"
"E2E-039","returning merchant","app restart with draft or cached read","barcode-assisted listing","scan code > inspect match > confirm product > create listing","Correct eligible identity selected","No blind merge or merchant SKU globalization","app integration","BARCODE_AUTOLINK_OPEN","DESIGN_CONTRACT_PASS"
"E2E-040","adversarial merchant","forged IDs roles revisions or payload","barcode-assisted listing","scan code > inspect match > confirm product > create listing","Correct eligible identity selected","No blind merge or merchant SKU globalization","security integration","BARCODE_AUTOLINK_OPEN","DESIGN_CONTRACT_PASS"
"E2E-041","single-shop owner","online active membership","price availability update","open listing > edit price > set availability > confirm > read back","Exact authoritative values and audit","No stale overwrite or fake stock","app integration","FRESHNESS_POLICY_OPEN","DESIGN_CONTRACT_PASS"
"E2E-042","technically inexperienced owner","slow interaction and accessibility mode","price availability update","open listing > edit price > set availability > confirm > read back","Exact authoritative values and audit","No stale overwrite or fake stock","physical/widget","FRESHNESS_POLICY_OPEN","DESIGN_CONTRACT_PASS"
"E2E-043","catalog editor","narrow catalog capability","price availability update","open listing > edit price > set availability > confirm > read back","Exact authoritative values and audit","No stale overwrite or fake stock","RLS/integration","FRESHNESS_POLICY_OPEN","DESIGN_CONTRACT_PASS"
"E2E-044","QR verifier","narrow QR capability","price availability update","open listing > edit price > set availability > confirm > read back","Exact authoritative values and audit","No stale overwrite or fake stock","physical/RLS","FRESHNESS_POLICY_OPEN","DESIGN_CONTRACT_PASS"
"E2E-045","multi-branch manager","two authorized shops","price availability update","open listing > edit price > set availability > confirm > read back","Exact authoritative values and audit","No stale overwrite or fake stock","integration","FRESHNESS_POLICY_OPEN","DESIGN_CONTRACT_PASS"
"E2E-046","revoked staff","stale session and cache","price availability update","open listing > edit price > set availability > confirm > read back","Exact authoritative values and audit","No stale overwrite or fake stock","security integration","FRESHNESS_POLICY_OPEN","DESIGN_CONTRACT_PASS"
"E2E-047","regulated merchant","policy review pending","price availability update","open listing > edit price > set availability > confirm > read back","Exact authoritative values and audit","No stale overwrite or fake stock","policy integration","FRESHNESS_POLICY_OPEN","DESIGN_CONTRACT_PASS"
"E2E-048","weak-network merchant","timeout after submit possible","price availability update","open listing > edit price > set availability > confirm > read back","Exact authoritative values and audit","No stale overwrite or fake stock","resilience integration","FRESHNESS_POLICY_OPEN","DESIGN_CONTRACT_PASS"
"E2E-049","returning merchant","app restart with draft or cached read","price availability update","open listing > edit price > set availability > confirm > read back","Exact authoritative values and audit","No stale overwrite or fake stock","app integration","FRESHNESS_POLICY_OPEN","DESIGN_CONTRACT_PASS"
"E2E-050","adversarial merchant","forged IDs roles revisions or payload","price availability update","open listing > edit price > set availability > confirm > read back","Exact authoritative values and audit","No stale overwrite or fake stock","security integration","FRESHNESS_POLICY_OPEN","DESIGN_CONTRACT_PASS"
"E2E-051","single-shop owner","online active membership","physical QR verification","select shop > scan opaque QR > validate context > confirm > reconcile customer","Exactly one verified transaction","No payment claim duplicate or review multiplication","app integration","NONE","DESIGN_CONTRACT_PASS"
"E2E-052","technically inexperienced owner","slow interaction and accessibility mode","physical QR verification","select shop > scan opaque QR > validate context > confirm > reconcile customer","Exactly one verified transaction","No payment claim duplicate or review multiplication","physical/widget","NONE","DESIGN_CONTRACT_PASS"
"E2E-053","catalog editor","narrow catalog capability","physical QR verification","select shop > scan opaque QR > validate context > confirm > reconcile customer","Exactly one verified transaction","No payment claim duplicate or review multiplication","RLS/integration","NONE","DESIGN_CONTRACT_PASS"
"E2E-054","QR verifier","narrow QR capability","physical QR verification","select shop > scan opaque QR > validate context > confirm > reconcile customer","Exactly one verified transaction","No payment claim duplicate or review multiplication","physical/RLS","NONE","DESIGN_CONTRACT_PASS"
"E2E-055","multi-branch manager","two authorized shops","physical QR verification","select shop > scan opaque QR > validate context > confirm > reconcile customer","Exactly one verified transaction","No payment claim duplicate or review multiplication","integration","NONE","DESIGN_CONTRACT_PASS"
"E2E-056","revoked staff","stale session and cache","physical QR verification","select shop > scan opaque QR > validate context > confirm > reconcile customer","Exactly one verified transaction","No payment claim duplicate or review multiplication","security integration","NONE","DESIGN_CONTRACT_PASS"
"E2E-057","regulated merchant","policy review pending","physical QR verification","select shop > scan opaque QR > validate context > confirm > reconcile customer","Exactly one verified transaction","No payment claim duplicate or review multiplication","policy integration","NONE","DESIGN_CONTRACT_PASS"
"E2E-058","weak-network merchant","timeout after submit possible","physical QR verification","select shop > scan opaque QR > validate context > confirm > reconcile customer","Exactly one verified transaction","No payment claim duplicate or review multiplication","resilience integration","NONE","DESIGN_CONTRACT_PASS"
"E2E-059","returning merchant","app restart with draft or cached read","physical QR verification","select shop > scan opaque QR > validate context > confirm > reconcile customer","Exactly one verified transaction","No payment claim duplicate or review multiplication","app integration","NONE","DESIGN_CONTRACT_PASS"
"E2E-060","adversarial merchant","forged IDs roles revisions or payload","physical QR verification","select shop > scan opaque QR > validate context > confirm > reconcile customer","Exactly one verified transaction","No payment claim duplicate or review multiplication","security integration","NONE","DESIGN_CONTRACT_PASS"
"E2E-061","single-shop owner","online active membership","review report","open review > choose reason > submit > track status","One governed report","Merchant cannot hide edit or delete review","app integration","REVIEW_POLICY_OPEN","DESIGN_CONTRACT_PASS"
"E2E-062","technically inexperienced owner","slow interaction and accessibility mode","review report","open review > choose reason > submit > track status","One governed report","Merchant cannot hide edit or delete review","physical/widget","REVIEW_POLICY_OPEN","DESIGN_CONTRACT_PASS"
"E2E-063","catalog editor","narrow catalog capability","review report","open review > choose reason > submit > track status","One governed report","Merchant cannot hide edit or delete review","RLS/integration","REVIEW_POLICY_OPEN","DESIGN_CONTRACT_PASS"
"E2E-064","QR verifier","narrow QR capability","review report","open review > choose reason > submit > track status","One governed report","Merchant cannot hide edit or delete review","physical/RLS","REVIEW_POLICY_OPEN","DESIGN_CONTRACT_PASS"
"E2E-065","multi-branch manager","two authorized shops","review report","open review > choose reason > submit > track status","One governed report","Merchant cannot hide edit or delete review","integration","REVIEW_POLICY_OPEN","DESIGN_CONTRACT_PASS"
"E2E-066","revoked staff","stale session and cache","review report","open review > choose reason > submit > track status","One governed report","Merchant cannot hide edit or delete review","security integration","REVIEW_POLICY_OPEN","DESIGN_CONTRACT_PASS"
"E2E-067","regulated merchant","policy review pending","review report","open review > choose reason > submit > track status","One governed report","Merchant cannot hide edit or delete review","policy integration","REVIEW_POLICY_OPEN","DESIGN_CONTRACT_PASS"
"E2E-068","weak-network merchant","timeout after submit possible","review report","open review > choose reason > submit > track status","One governed report","Merchant cannot hide edit or delete review","resilience integration","REVIEW_POLICY_OPEN","DESIGN_CONTRACT_PASS"
"E2E-069","returning merchant","app restart with draft or cached read","review report","open review > choose reason > submit > track status","One governed report","Merchant cannot hide edit or delete review","app integration","REVIEW_POLICY_OPEN","DESIGN_CONTRACT_PASS"
"E2E-070","adversarial merchant","forged IDs roles revisions or payload","review report","open review > choose reason > submit > track status","One governed report","Merchant cannot hide edit or delete review","security integration","REVIEW_POLICY_OPEN","DESIGN_CONTRACT_PASS"
"E2E-071","single-shop owner","online active membership","staff invitation and revoke","owner invites scoped staff > staff accepts > operates > owner revokes","Only assigned capability while active","No self-escalation or stale access","app integration","STAFF_V1_OPEN","DESIGN_CONTRACT_PASS"
"E2E-072","technically inexperienced owner","slow interaction and accessibility mode","staff invitation and revoke","owner invites scoped staff > staff accepts > operates > owner revokes","Only assigned capability while active","No self-escalation or stale access","physical/widget","STAFF_V1_OPEN","DESIGN_CONTRACT_PASS"
"E2E-073","catalog editor","narrow catalog capability","staff invitation and revoke","owner invites scoped staff > staff accepts > operates > owner revokes","Only assigned capability while active","No self-escalation or stale access","RLS/integration","STAFF_V1_OPEN","DESIGN_CONTRACT_PASS"
"E2E-074","QR verifier","narrow QR capability","staff invitation and revoke","owner invites scoped staff > staff accepts > operates > owner revokes","Only assigned capability while active","No self-escalation or stale access","physical/RLS","STAFF_V1_OPEN","DESIGN_CONTRACT_PASS"
"E2E-075","multi-branch manager","two authorized shops","staff invitation and revoke","owner invites scoped staff > staff accepts > operates > owner revokes","Only assigned capability while active","No self-escalation or stale access","integration","STAFF_V1_OPEN","DESIGN_CONTRACT_PASS"
"E2E-076","revoked staff","stale session and cache","staff invitation and revoke","owner invites scoped staff > staff accepts > operates > owner revokes","Only assigned capability while active","No self-escalation or stale access","security integration","STAFF_V1_OPEN","DESIGN_CONTRACT_PASS"
"E2E-077","regulated merchant","policy review pending","staff invitation and revoke","owner invites scoped staff > staff accepts > operates > owner revokes","Only assigned capability while active","No self-escalation or stale access","policy integration","STAFF_V1_OPEN","DESIGN_CONTRACT_PASS"
"E2E-078","weak-network merchant","timeout after submit possible","staff invitation and revoke","owner invites scoped staff > staff accepts > operates > owner revokes","Only assigned capability while active","No self-escalation or stale access","resilience integration","STAFF_V1_OPEN","DESIGN_CONTRACT_PASS"
"E2E-079","returning merchant","app restart with draft or cached read","staff invitation and revoke","owner invites scoped staff > staff accepts > operates > owner revokes","Only assigned capability while active","No self-escalation or stale access","app integration","STAFF_V1_OPEN","DESIGN_CONTRACT_PASS"
"E2E-080","adversarial merchant","forged IDs roles revisions or payload","staff invitation and revoke","owner invites scoped staff > staff accepts > operates > owner revokes","Only assigned capability while active","No self-escalation or stale access","security integration","STAFF_V1_OPEN","DESIGN_CONTRACT_PASS"
"E2E-081","single-shop owner","online active membership","multi-shop switch","finish or preserve draft > switch authorized shop > refresh > operate","New shop scope isolated","No prior shop cache or mutation leakage","app integration","MULTI_SHOP_LAUNCH_OPEN","DESIGN_CONTRACT_PASS"
"E2E-082","technically inexperienced owner","slow interaction and accessibility mode","multi-shop switch","finish or preserve draft > switch authorized shop > refresh > operate","New shop scope isolated","No prior shop cache or mutation leakage","physical/widget","MULTI_SHOP_LAUNCH_OPEN","DESIGN_CONTRACT_PASS"
"E2E-083","catalog editor","narrow catalog capability","multi-shop switch","finish or preserve draft > switch authorized shop > refresh > operate","New shop scope isolated","No prior shop cache or mutation leakage","RLS/integration","MULTI_SHOP_LAUNCH_OPEN","DESIGN_CONTRACT_PASS"
"E2E-084","QR verifier","narrow QR capability","multi-shop switch","finish or preserve draft > switch authorized shop > refresh > operate","New shop scope isolated","No prior shop cache or mutation leakage","physical/RLS","MULTI_SHOP_LAUNCH_OPEN","DESIGN_CONTRACT_PASS"
"E2E-085","multi-branch manager","two authorized shops","multi-shop switch","finish or preserve draft > switch authorized shop > refresh > operate","New shop scope isolated","No prior shop cache or mutation leakage","integration","MULTI_SHOP_LAUNCH_OPEN","DESIGN_CONTRACT_PASS"
"E2E-086","revoked staff","stale session and cache","multi-shop switch","finish or preserve draft > switch authorized shop > refresh > operate","New shop scope isolated","No prior shop cache or mutation leakage","security integration","MULTI_SHOP_LAUNCH_OPEN","DESIGN_CONTRACT_PASS"
"E2E-087","regulated merchant","policy review pending","multi-shop switch","finish or preserve draft > switch authorized shop > refresh > operate","New shop scope isolated","No prior shop cache or mutation leakage","policy integration","MULTI_SHOP_LAUNCH_OPEN","DESIGN_CONTRACT_PASS"
"E2E-088","weak-network merchant","timeout after submit possible","multi-shop switch","finish or preserve draft > switch authorized shop > refresh > operate","New shop scope isolated","No prior shop cache or mutation leakage","resilience integration","MULTI_SHOP_LAUNCH_OPEN","DESIGN_CONTRACT_PASS"
"E2E-089","returning merchant","app restart with draft or cached read","multi-shop switch","finish or preserve draft > switch authorized shop > refresh > operate","New shop scope isolated","No prior shop cache or mutation leakage","app integration","MULTI_SHOP_LAUNCH_OPEN","DESIGN_CONTRACT_PASS"
"E2E-090","adversarial merchant","forged IDs roles revisions or payload","multi-shop switch","finish or preserve draft > switch authorized shop > refresh > operate","New shop scope isolated","No prior shop cache or mutation leakage","security integration","MULTI_SHOP_LAUNCH_OPEN","DESIGN_CONTRACT_PASS"
"E2E-091","single-shop owner","online active membership","analytics and notification","open action inbox > resolve item > view defined metrics > change window","Privacy-safe fresh result and authoritative action state","No customer identity or misleading sales label","app integration","ANALYTICS_SCOPE_OPEN","DESIGN_CONTRACT_PASS"
"E2E-092","technically inexperienced owner","slow interaction and accessibility mode","analytics and notification","open action inbox > resolve item > view defined metrics > change window","Privacy-safe fresh result and authoritative action state","No customer identity or misleading sales label","physical/widget","ANALYTICS_SCOPE_OPEN","DESIGN_CONTRACT_PASS"
"E2E-093","catalog editor","narrow catalog capability","analytics and notification","open action inbox > resolve item > view defined metrics > change window","Privacy-safe fresh result and authoritative action state","No customer identity or misleading sales label","RLS/integration","ANALYTICS_SCOPE_OPEN","DESIGN_CONTRACT_PASS"
"E2E-094","QR verifier","narrow QR capability","analytics and notification","open action inbox > resolve item > view defined metrics > change window","Privacy-safe fresh result and authoritative action state","No customer identity or misleading sales label","physical/RLS","ANALYTICS_SCOPE_OPEN","DESIGN_CONTRACT_PASS"
"E2E-095","multi-branch manager","two authorized shops","analytics and notification","open action inbox > resolve item > view defined metrics > change window","Privacy-safe fresh result and authoritative action state","No customer identity or misleading sales label","integration","ANALYTICS_SCOPE_OPEN","DESIGN_CONTRACT_PASS"
"E2E-096","revoked staff","stale session and cache","analytics and notification","open action inbox > resolve item > view defined metrics > change window","Privacy-safe fresh result and authoritative action state","No customer identity or misleading sales label","security integration","ANALYTICS_SCOPE_OPEN","DESIGN_CONTRACT_PASS"
"E2E-097","regulated merchant","policy review pending","analytics and notification","open action inbox > resolve item > view defined metrics > change window","Privacy-safe fresh result and authoritative action state","No customer identity or misleading sales label","policy integration","ANALYTICS_SCOPE_OPEN","DESIGN_CONTRACT_PASS"
"E2E-098","weak-network merchant","timeout after submit possible","analytics and notification","open action inbox > resolve item > view defined metrics > change window","Privacy-safe fresh result and authoritative action state","No customer identity or misleading sales label","resilience integration","ANALYTICS_SCOPE_OPEN","DESIGN_CONTRACT_PASS"
"E2E-099","returning merchant","app restart with draft or cached read","analytics and notification","open action inbox > resolve item > view defined metrics > change window","Privacy-safe fresh result and authoritative action state","No customer identity or misleading sales label","app integration","ANALYTICS_SCOPE_OPEN","DESIGN_CONTRACT_PASS"
"E2E-100","adversarial merchant","forged IDs roles revisions or payload","analytics and notification","open action inbox > resolve item > view defined metrics > change window","Privacy-safe fresh result and authoritative action state","No customer identity or misleading sales label","security integration","ANALYTICS_SCOPE_OPEN","DESIGN_CONTRACT_PASS"
