sourceKey,sourceWave,sourceBranch,sourceHead,sourceDocument,sourceDecisionId,question,priority,classification,masterRootId,masterRootTitle,ownerTiming,professionalRoute,notes
W23-ECO-D001,Wave 23,origin/agent1/w23-ecosystem-master-reconciliation,b3b5c928f36ff91e97e06a6d3ffad3858074489e,docs/ECOSYSTEM_OWNER_DECISION_INVENTORY.md,ECO-D001,"Android-only pilot mi, Android+iOS eşzamanlı mı?",P0,CHILD_OF_EXISTING_ROOT,OM-R04,"Pilot platformu, exact artifact ve kabul kanıtı",OWNER_CAN_DECIDE_NOW,NONE,Semantic mapping; no option selected
W23-ECO-D002,Wave 23,origin/agent1/w23-ecosystem-master-reconciliation,b3b5c928f36ff91e97e06a6d3ffad3858074489e,docs/ECOSYSTEM_OWNER_DECISION_INVENTORY.md,ECO-D002,Nearby guest mı login-gated mı?,P1,CHILD_OF_EXISTING_ROOT,OM-R05,"Customer erişimi, konum, yerel geçmiş ve AuthGuard",OWNER_CAN_DECIDE_PROVISIONALLY,KVKK,Semantic mapping; no option selected
W23-ECO-D003,Wave 23,origin/agent1/w23-ecosystem-master-reconciliation,b3b5c928f36ff91e97e06a6d3ffad3858074489e,docs/ECOSYSTEM_OWNER_DECISION_INVENTORY.md,ECO-D003,Recent search/chat draft ne kadar device-local tutulur?,P1,CHILD_OF_EXISTING_ROOT,OM-R05,"Customer erişimi, konum, yerel geçmiş ve AuthGuard",OWNER_CAN_DECIDE_PROVISIONALLY,KVKK,Semantic mapping; no option selected
W23-ECO-D004,Wave 23,origin/agent1/w23-ecosystem-master-reconciliation,b3b5c928f36ff91e97e06a6d3ffad3858074489e,docs/ECOSYSTEM_OWNER_DECISION_INVENTORY.md,ECO-D004,Final UI/accessibility fiziksel kabulü pilot gate mi?,P1,CHILD_OF_EXISTING_ROOT,OM-R04,"Pilot platformu, exact artifact ve kabul kanıtı",OWNER_CAN_DECIDE_NOW,NONE,Semantic mapping; no option selected
W23-ECO-D005,Wave 23,origin/agent1/w23-ecosystem-master-reconciliation,b3b5c928f36ff91e97e06a6d3ffad3858074489e,docs/ECOSYSTEM_OWNER_DECISION_INVENTORY.md,ECO-D005,Owner-final Product Taxonomy V1 runtime’a ne zaman alınır?,P0,CHILD_OF_EXISTING_ROOT,OM-R06,"Taxonomy, facet, legacy ve demo aktivasyonu",OWNER_CAN_DECIDE_NOW,NONE,Semantic mapping; no option selected
W23-ECO-D006,Wave 23,origin/agent1/w23-ecosystem-master-reconciliation,b3b5c928f36ff91e97e06a6d3ffad3858074489e,docs/ECOSYSTEM_OWNER_DECISION_INVENTORY.md,ECO-D006,Global facets/synonyms pilotta ne kadar açılır?,P1,CHILD_OF_EXISTING_ROOT,OM-R06,"Taxonomy, facet, legacy ve demo aktivasyonu",OWNER_CAN_DECIDE_NOW,NONE,Semantic mapping; no option selected
W23-ECO-D007,Wave 23,origin/agent1/w23-ecosystem-master-reconciliation,b3b5c928f36ff91e97e06a6d3ffad3858074489e,docs/ECOSYSTEM_OWNER_DECISION_INVENTORY.md,ECO-D007,651 legacy node reconciliation ne zaman uygulanır?,P1,CHILD_OF_EXISTING_ROOT,OM-R06,"Taxonomy, facet, legacy ve demo aktivasyonu",OWNER_CAN_DECIDE_NOW,NONE,Semantic mapping; no option selected
W23-ECO-D008,Wave 23,origin/agent1/w23-ecosystem-master-reconciliation,b3b5c928f36ff91e97e06a6d3ffad3858074489e,docs/ECOSYSTEM_OWNER_DECISION_INVENTORY.md,ECO-D008,Canonical identity product family/variant/listing nasıl ayrılır?,P0,CHILD_OF_EXISTING_ROOT,OM-R07,"Product, Variant, Listing ve identifier kimliği",OWNER_CAN_DECIDE_NOW,NONE,Semantic mapping; no option selected
W23-ECO-D009,Wave 23,origin/agent1/w23-ecosystem-master-reconciliation,b3b5c928f36ff91e97e06a6d3ffad3858074489e,docs/ECOSYSTEM_OWNER_DECISION_INVENTORY.md,ECO-D009,Hangi domainlerde explicit variant V1 zorunlu?,P0,CHILD_OF_EXISTING_ROOT,OM-R07,"Product, Variant, Listing ve identifier kimliği",OWNER_CAN_DECIDE_NOW,NONE,Semantic mapping; no option selected
W23-ECO-D010,Wave 23,origin/agent1/w23-ecosystem-master-reconciliation,b3b5c928f36ff91e97e06a6d3ffad3858074489e,docs/ECOSYSTEM_OWNER_DECISION_INVENTORY.md,ECO-D010,GTIN/no-barcode auto-link sınırı nedir?,P1,CHILD_OF_EXISTING_ROOT,OM-R07,"Product, Variant, Listing ve identifier kimliği",OWNER_CAN_DECIDE_NOW,NONE,Semantic mapping; no option selected
W23-ECO-D011,Wave 23,origin/agent1/w23-ecosystem-master-reconciliation,b3b5c928f36ff91e97e06a6d3ffad3858074489e,docs/ECOSYSTEM_OWNER_DECISION_INVENTORY.md,ECO-D011,Merchant candidate ne zaman public canonical olur?,P0,CHILD_OF_EXISTING_ROOT,OM-R08,"Catalog intake, ölçü ve medya yayın sınırı",OWNER_CAN_DECIDE_PROVISIONALLY,REGULATORY,Semantic mapping; no option selected
W23-ECO-D012,Wave 23,origin/agent1/w23-ecosystem-master-reconciliation,b3b5c928f36ff91e97e06a6d3ffad3858074489e,docs/ECOSYSTEM_OWNER_DECISION_INVENTORY.md,ECO-D012,Variable measure pilotta aktif mi?,P0,CHILD_OF_EXISTING_ROOT,OM-R08,"Catalog intake, ölçü ve medya yayın sınırı",OWNER_CAN_DECIDE_PROVISIONALLY,REGULATORY,Semantic mapping; no option selected
W23-ECO-D013,Wave 23,origin/agent1/w23-ecosystem-master-reconciliation,b3b5c928f36ff91e97e06a6d3ffad3858074489e,docs/ECOSYSTEM_OWNER_DECISION_INVENTORY.md,ECO-D013,Merge sonrası aynı customer review collision nasıl sunulur?,P0,DEPENDENT_DECISION,OM-R07,"Product, Variant, Listing ve identifier kimliği",OWNER_CAN_DECIDE_NOW,NONE,Semantic mapping; no option selected
W23-ECO-D014,Wave 23,origin/agent1/w23-ecosystem-master-reconciliation,b3b5c928f36ff91e97e06a6d3ffad3858074489e,docs/ECOSYSTEM_OWNER_DECISION_INVENTORY.md,ECO-D014,Split predecessor review hakkı child’a taşınır mı?,P0,DEPENDENT_DECISION,OM-R07,"Product, Variant, Listing ve identifier kimliği",OWNER_CAN_DECIDE_NOW,NONE,Semantic mapping; no option selected
W23-ECO-D015,Wave 23,origin/agent1/w23-ecosystem-master-reconciliation,b3b5c928f36ff91e97e06a6d3ffad3858074489e,docs/ECOSYSTEM_OWNER_DECISION_INVENTORY.md,ECO-D015,Listing media canonical media olabilir mi?,P1,CHILD_OF_EXISTING_ROOT,OM-R08,"Catalog intake, ölçü ve medya yayın sınırı",OWNER_CAN_DECIDE_PROVISIONALLY,REGULATORY,Semantic mapping; no option selected
W23-ECO-D016,Wave 23,origin/agent1/w23-ecosystem-master-reconciliation,b3b5c928f36ff91e97e06a6d3ffad3858074489e,docs/ECOSYSTEM_OWNER_DECISION_INVENTORY.md,ECO-D016,Organization/shop/branch topology pilotta nedir?,P0,CHILD_OF_EXISTING_ROOT,OM-R09,"Merchant organization, authority ve pilot cohort",OWNER_CAN_DECIDE_NOW,NONE,Semantic mapping; no option selected
W23-ECO-D017,Wave 23,origin/agent1/w23-ecosystem-master-reconciliation,b3b5c928f36ff91e97e06a6d3ffad3858074489e,docs/ECOSYSTEM_OWNER_DECISION_INVENTORY.md,ECO-D017,Owner/verifier/catalog staff V1’de hangi scope ile var?,P0,CHILD_OF_EXISTING_ROOT,OM-R09,"Merchant organization, authority ve pilot cohort",OWNER_CAN_DECIDE_NOW,NONE,Semantic mapping; no option selected
W23-ECO-D018,Wave 23,origin/agent1/w23-ecosystem-master-reconciliation,b3b5c928f36ff91e97e06a6d3ffad3858074489e,docs/ECOSYSTEM_OWNER_DECISION_INVENTORY.md,ECO-D018,Transfer/multi-branch automation pilotta var mı?,P1,DEPENDENT_DECISION,OM-R09,"Merchant organization, authority ve pilot cohort",OWNER_CAN_DECIDE_NOW,NONE,Semantic mapping; no option selected
W23-ECO-D019,Wave 23,origin/agent1/w23-ecosystem-master-reconciliation,b3b5c928f36ff91e97e06a6d3ffad3858074489e,docs/ECOSYSTEM_OWNER_DECISION_INVENTORY.md,ECO-D019,67-leaf proposal bütünü owner-final olacak mı?,P0,CHILD_OF_EXISTING_ROOT,OM-R10,"Merchant sector, verification ve policy allowlist",OWNER_CAN_DECIDE_PROVISIONALLY,LAWYER;REGULATORY,Semantic mapping; no option selected
W23-ECO-D020,Wave 23,origin/agent1/w23-ecosystem-master-reconciliation,b3b5c928f36ff91e97e06a6d3ffad3858074489e,docs/ECOSYSTEM_OWNER_DECISION_INVENTORY.md,ECO-D020,Secondary sector sayısı/evidence nedir?,P1,CHILD_OF_EXISTING_ROOT,OM-R10,"Merchant sector, verification ve policy allowlist",OWNER_CAN_DECIDE_PROVISIONALLY,LAWYER;REGULATORY,Semantic mapping; no option selected
W23-ECO-D021,Wave 23,origin/agent1/w23-ecosystem-master-reconciliation,b3b5c928f36ff91e97e06a6d3ffad3858074489e,docs/ECOSYSTEM_OWNER_DECISION_INVENTORY.md,ECO-D021,Sector organization mı branch mi atanır?,P1,CHILD_OF_EXISTING_ROOT,OM-R10,"Merchant sector, verification ve policy allowlist",OWNER_CAN_DECIDE_PROVISIONALLY,LAWYER;REGULATORY,Semantic mapping; no option selected
W23-ECO-D022,Wave 23,origin/agent1/w23-ecosystem-master-reconciliation,b3b5c928f36ff91e97e06a6d3ffad3858074489e,docs/ECOSYSTEM_OWNER_DECISION_INVENTORY.md,ECO-D022,Hangi merchant/product policy sınıfları pilotta açılır?,P0,CHILD_OF_EXISTING_ROOT,OM-R10,"Merchant sector, verification ve policy allowlist",OWNER_CAN_DECIDE_PROVISIONALLY,LAWYER;REGULATORY,Semantic mapping; no option selected
W23-ECO-D023,Wave 23,origin/agent1/w23-ecosystem-master-reconciliation,b3b5c928f36ff91e97e06a6d3ffad3858074489e,docs/ECOSYSTEM_OWNER_DECISION_INVENTORY.md,ECO-D023,Service/mixed merchants ve booking V1 kapsamı nedir?,P0,CHILD_OF_EXISTING_ROOT,OM-R10,"Merchant sector, verification ve policy allowlist",OWNER_CAN_DECIDE_PROVISIONALLY,LAWYER;REGULATORY,Semantic mapping; no option selected
W23-ECO-D024,Wave 23,origin/agent1/w23-ecosystem-master-reconciliation,b3b5c928f36ff91e97e06a6d3ffad3858074489e,docs/ECOSYSTEM_OWNER_DECISION_INVENTORY.md,ECO-D024,Availability freshness ve unknown customer dili nedir?,P0,CHILD_OF_EXISTING_ROOT,OM-R12,"Listing truth, freshness ve iletişim",OWNER_CAN_DECIDE_NOW,LAWYER,Semantic mapping; no option selected
W23-ECO-D025,Wave 23,origin/agent1/w23-ecosystem-master-reconciliation,b3b5c928f36ff91e97e06a6d3ffad3858074489e,docs/ECOSYSTEM_OWNER_DECISION_INVENTORY.md,ECO-D025,Sibling branch confirmation/reissue nasıl çalışır?,P0,CHILD_OF_EXISTING_ROOT,OM-R13,"QR rollout, exact-shop kanıtı ve merchant history",OWNER_CAN_DECIDE_NOW,NONE,Semantic mapping; no option selected
W23-ECO-D026,Wave 23,origin/agent1/w23-ecosystem-master-reconciliation,b3b5c928f36ff91e97e06a6d3ffad3858074489e,docs/ECOSYSTEM_OWNER_DECISION_INVENTORY.md,ECO-D026,Variable-measure requested/actual snapshot nasıl doğrulanır?,P0,DEPENDENT_DECISION,OM-R13,"QR rollout, exact-shop kanıtı ve merchant history",OWNER_CAN_DECIDE_NOW,NONE,Semantic mapping; no option selected
W23-ECO-D027,Wave 23,origin/agent1/w23-ecosystem-master-reconciliation,b3b5c928f36ff91e97e06a6d3ffad3858074489e,docs/ECOSYSTEM_OWNER_DECISION_INVENTORY.md,ECO-D027,Merchant review reply/moderation pilotta var mı?,P1,DEPENDENT_DECISION,OM-R26,Shop evaluation katkısı ve merchant feed projection,OWNER_CAN_DECIDE_PROVISIONALLY,KVKK,Semantic mapping; no option selected
W23-ECO-D028,Wave 23,origin/agent1/w23-ecosystem-master-reconciliation,b3b5c928f36ff91e97e06a6d3ffad3858074489e,docs/ECOSYSTEM_OWNER_DECISION_INVENTORY.md,ECO-D028,Separate Flutter app mi controlled pilot tool mu?,P1,CHILD_OF_EXISTING_ROOT,OM-R11,Minimum Merchant App ve assisted operating model,OWNER_CAN_DECIDE_NOW,NONE,Semantic mapping; no option selected
W23-ECO-D029,Wave 23,origin/agent1/w23-ecosystem-master-reconciliation,b3b5c928f36ff91e97e06a6d3ffad3858074489e,docs/ECOSYSTEM_OWNER_DECISION_INVENTORY.md,ECO-D029,Push/email/in-app notification scope nedir?,P2,DEPENDENT_DECISION,OM-R12,"Listing truth, freshness ve iletişim",OWNER_CAN_DECIDE_NOW,LAWYER,Semantic mapping; no option selected
W23-ECO-D030,Wave 23,origin/agent1/w23-ecosystem-master-reconciliation,b3b5c928f36ff91e97e06a6d3ffad3858074489e,docs/ECOSYSTEM_OWNER_DECISION_INVENTORY.md,ECO-D030,Esenler pilotunda Ads var mı?,P0,CHILD_OF_EXISTING_ROOT,OM-R29,"Ads zamanı, nesnesi, ekonomiği ve privacy",DEFERRED_POST_PILOT,LAWYER;KVKK,Semantic mapping; no option selected
W23-ECO-D031,Wave 23,origin/agent1/w23-ecosystem-master-reconciliation,b3b5c928f36ff91e97e06a6d3ffad3858074489e,docs/ECOSYSTEM_OWNER_DECISION_INVENTORY.md,ECO-D031,Ads olursa object/surface nedir?,P0,CHILD_OF_EXISTING_ROOT,OM-R29,"Ads zamanı, nesnesi, ekonomiği ve privacy",DEFERRED_POST_PILOT,LAWYER;KVKK,Semantic mapping; no option selected
W23-ECO-D032,Wave 23,origin/agent1/w23-ecosystem-master-reconciliation,b3b5c928f36ff91e97e06a6d3ffad3858074489e,docs/ECOSYSTEM_OWNER_DECISION_INVENTORY.md,ECO-D032,Pricing/billing/auction modeli nedir?,P0,CHILD_OF_EXISTING_ROOT,OM-R29,"Ads zamanı, nesnesi, ekonomiği ve privacy",DEFERRED_POST_PILOT,LAWYER;KVKK,Semantic mapping; no option selected
W23-ECO-D033,Wave 23,origin/agent1/w23-ecosystem-master-reconciliation,b3b5c928f36ff91e97e06a6d3ffad3858074489e,docs/ECOSYSTEM_OWNER_DECISION_INVENTORY.md,ECO-D033,Location/behavior/policy eligibility nedir?,P0,CHILD_OF_EXISTING_ROOT,OM-R29,"Ads zamanı, nesnesi, ekonomiği ve privacy",DEFERRED_POST_PILOT,LAWYER;KVKK,Semantic mapping; no option selected
W23-ECO-D034,Wave 23,origin/agent1/w23-ecosystem-master-reconciliation,b3b5c928f36ff91e97e06a6d3ffad3858074489e,docs/ECOSYSTEM_OWNER_DECISION_INVENTORY.md,ECO-D034,"Attribution, under-delivery ve dispute nasıl ele alınır?",P1,DEPENDENT_DECISION,OM-R29,"Ads zamanı, nesnesi, ekonomiği ve privacy",DEFERRED_POST_PILOT,LAWYER;KVKK,Semantic mapping; no option selected
W23-ECO-D035,Wave 23,origin/agent1/w23-ecosystem-master-reconciliation,b3b5c928f36ff91e97e06a6d3ffad3858074489e,docs/ECOSYSTEM_OWNER_DECISION_INVENTORY.md,ECO-D035,Reward Engine pilotta var mı?,P0,CHILD_OF_EXISTING_ROOT,OM-R30,"Reward zamanı, ekonomiği ve değer transferi",DEFERRED_POST_PILOT,LAWYER;ACCOUNTANT,Semantic mapping; no option selected
W23-ECO-D036,Wave 23,origin/agent1/w23-ecosystem-master-reconciliation,b3b5c928f36ff91e97e06a6d3ffad3858074489e,docs/ECOSYSTEM_OWNER_DECISION_INVENTORY.md,ECO-D036,Earning unit/scope/funding nedir?,P0,DEPENDENT_DECISION,OM-R30,"Reward zamanı, ekonomiği ve değer transferi",DEFERRED_POST_PILOT,LAWYER;ACCOUNTANT,Semantic mapping; no option selected
W23-ECO-D037,Wave 23,origin/agent1/w23-ecosystem-master-reconciliation,b3b5c928f36ff91e97e06a6d3ffad3858074489e,docs/ECOSYSTEM_OWNER_DECISION_INVENTORY.md,ECO-D037,Redemption/expiry/cross-merchant transfer nedir?,P1,DEPENDENT_DECISION,OM-R30,"Reward zamanı, ekonomiği ve değer transferi",DEFERRED_POST_PILOT,LAWYER;ACCOUNTANT,Semantic mapping; no option selected
W23-ECO-D038,Wave 23,origin/agent1/w23-ecosystem-master-reconciliation,b3b5c928f36ff91e97e06a6d3ffad3858074489e,docs/ECOSYSTEM_OWNER_DECISION_INVENTORY.md,ECO-D038,Purchase amount/quantity authoritative mi?,P0,DEPENDENT_DECISION,OM-R30,"Reward zamanı, ekonomiği ve değer transferi",DEFERRED_POST_PILOT,LAWYER;ACCOUNTANT,Semantic mapping; no option selected
W23-ECO-D039,Wave 23,origin/agent1/w23-ecosystem-master-reconciliation,b3b5c928f36ff91e97e06a6d3ffad3858074489e,docs/ECOSYSTEM_OWNER_DECISION_INVENTORY.md,ECO-D039,Badges/levels/challenges/streaks hangileri gerekir?,P1,CHILD_OF_EXISTING_ROOT,OM-R28,"Reputation algoritması, composite ve Mahallenin Yıldızı",DEFERRED_POST_PILOT,LAWYER;KVKK;TECHNICAL_ARCHITECT,Semantic mapping; no option selected
W23-ECO-D040,Wave 23,origin/agent1/w23-ecosystem-master-reconciliation,b3b5c928f36ff91e97e06a6d3ffad3858074489e,docs/ECOSYSTEM_OWNER_DECISION_INVENTORY.md,ECO-D040,Shop mı organization mı; public badge ne zaman?,P0,CHILD_OF_EXISTING_ROOT,OM-R27,Public reputation kapsamı ve badge yayın zamanı,DEFERRED_POST_PILOT,LAWYER;KVKK,Semantic mapping; no option selected
W23-ECO-D041,Wave 23,origin/agent1/w23-ecosystem-master-reconciliation,b3b5c928f36ff91e97e06a6d3ffad3858074489e,docs/ECOSYSTEM_OWNER_DECISION_INVENTORY.md,ECO-D041,Pilot Ops role/case tooling minimumu nedir?,P0,CHILD_OF_EXISTING_ROOT,OM-R14,"Lean Operations, support, staffing ve yetki",OWNER_CAN_DECIDE_NOW,LAWYER,Semantic mapping; no option selected
W23-ECO-D042,Wave 23,origin/agent1/w23-ecosystem-master-reconciliation,b3b5c928f36ff91e97e06a6d3ffad3858074489e,docs/ECOSYSTEM_OWNER_DECISION_INVENTORY.md,ECO-D042,Hangi P0 actions second review/appeal ister?,P1,DEPENDENT_DECISION,OM-R14,"Lean Operations, support, staffing ve yetki",OWNER_CAN_DECIDE_NOW,LAWYER,Semantic mapping; no option selected
W23-ECO-D043,Wave 23,origin/agent1/w23-ecosystem-master-reconciliation,b3b5c928f36ff91e97e06a6d3ffad3858074489e,docs/ECOSYSTEM_OWNER_DECISION_INVENTORY.md,ECO-D043,Case/audit/support retention nedir?,P1,DEPENDENT_DECISION,OM-R18,"Terms, privacy, hesap yaşam döngüsü ve disclosure",OWNER_SHOULD_WAIT_FOR_LAWYER,LAWYER;KVKK,Semantic mapping; no option selected
W23-ECO-D044,Wave 23,origin/agent1/w23-ecosystem-master-reconciliation,b3b5c928f36ff91e97e06a6d3ffad3858074489e,docs/ECOSYSTEM_OWNER_DECISION_INVENTORY.md,ECO-D044,Pilot KPI/event registry neyi içerir?,P0,CHILD_OF_EXISTING_ROOT,OM-R15,"Pilot KPI, analytics, monitoring ve privacy sınırı",OWNER_CAN_DECIDE_PROVISIONALLY,KVKK,Semantic mapping; no option selected
W23-ECO-D045,Wave 23,origin/agent1/w23-ecosystem-master-reconciliation,b3b5c928f36ff91e97e06a6d3ffad3858074489e,docs/ECOSYSTEM_OWNER_DECISION_INVENTORY.md,ECO-D045,Consent/location/identity/retention sınırı nedir?,P0,DEPENDENT_DECISION,OM-R15,"Pilot KPI, analytics, monitoring ve privacy sınırı",OWNER_CAN_DECIDE_PROVISIONALLY,KVKK,Semantic mapping; no option selected
W23-ECO-D046,Wave 23,origin/agent1/w23-ecosystem-master-reconciliation,b3b5c928f36ff91e97e06a6d3ffad3858074489e,docs/ECOSYSTEM_OWNER_DECISION_INVENTORY.md,ECO-D046,Hangi physical/manual/release gates zorunlu?,P0,DEPENDENT_DECISION,OM-R04,"Pilot platformu, exact artifact ve kabul kanıtı",OWNER_CAN_DECIDE_NOW,NONE,Semantic mapping; no option selected
W23-ECO-D047,Wave 23,origin/agent1/w23-ecosystem-master-reconciliation,b3b5c928f36ff91e97e06a6d3ffad3858074489e,docs/ECOSYSTEM_OWNER_DECISION_INVENTORY.md,ECO-D047,CI matrix/skip/quarantine breadth nedir?,P2,IMPLEMENTATION_DETAIL_NOT_OWNER_DECISION,OM-R04,"Pilot platformu, exact artifact ve kabul kanıtı",OWNER_CAN_DECIDE_NOW,NONE,Semantic mapping; no option selected
W23-ECO-D048,Wave 23,origin/agent1/w23-ecosystem-master-reconciliation,b3b5c928f36ff91e97e06a6d3ffad3858074489e,docs/ECOSYSTEM_OWNER_DECISION_INVENTORY.md,ECO-D048,Demo retire ve post-pilot sequencing nasıl olur?,P1,CHILD_OF_EXISTING_ROOT,OM-R06,"Taxonomy, facet, legacy ve demo aktivasyonu",OWNER_CAN_DECIDE_NOW,NONE,Semantic mapping; no option selected
W25-R01,Wave 25,origin/agent1/w25-global-owner-fast-review-pack,b5a62284c8ce6ddc03d66b3e2d78b8d3efd0ed55,docs/ECOSYSTEM_MOBILE_OWNER_REVIEW.md,R01,İlk ticari pilot hangi platformlarda ve hangi fiziksel/release kanıtlarıyla kabul edilecek?,P0,EXISTING_ROOT,OM-R04,"Pilot platformu, exact artifact ve kabul kanıtı",OWNER_CAN_DECIDE_NOW,NONE,Wave 25 ecosystem root baseline
W25-R02,Wave 25,origin/agent1/w25-global-owner-fast-review-pack,b5a62284c8ce6ddc03d66b3e2d78b8d3efd0ed55,docs/ECOSYSTEM_MOBILE_OWNER_REVIEW.md,R02,Nearby herkese açık mı olacak ve cihazda ne kadar yerel geçmiş tutulacak?,P1,EXISTING_ROOT,OM-R05,"Customer erişimi, konum, yerel geçmiş ve AuthGuard",OWNER_CAN_DECIDE_PROVISIONALLY,KVKK,Wave 25 ecosystem root baseline
W25-R03,Wave 25,origin/agent1/w25-global-owner-fast-review-pack,b5a62284c8ce6ddc03d66b3e2d78b8d3efd0ed55,docs/ECOSYSTEM_MOBILE_OWNER_REVIEW.md,R03,"Final taxonomy, facet, legacy mapping ve demo veri runtime’a nasıl taşınacak?",P1,EXISTING_ROOT,OM-R06,"Taxonomy, facet, legacy ve demo aktivasyonu",OWNER_CAN_DECIDE_NOW,NONE,Wave 25 ecosystem root baseline
W25-R04,Wave 25,origin/agent1/w25-global-owner-fast-review-pack,b5a62284c8ce6ddc03d66b3e2d78b8d3efd0ed55,docs/ECOSYSTEM_MOBILE_OWNER_REVIEW.md,R04,"V1’de Product, Variant, Listing ve barcode kimlikleri nasıl ayrılacak?",P0,EXISTING_ROOT,OM-R07,"Product, Variant, Listing ve identifier kimliği",OWNER_CAN_DECIDE_NOW,NONE,Wave 25 ecosystem root baseline
W25-R05,Wave 25,origin/agent1/w25-global-owner-fast-review-pack,b5a62284c8ce6ddc03d66b3e2d78b8d3efd0ed55,docs/ECOSYSTEM_MOBILE_OWNER_REVIEW.md,R05,"Merchant’ın ürettiği candidate, variable-measure ve medya ne zaman customer-visible olabilir?",P0,EXISTING_ROOT,OM-R08,"Catalog intake, ölçü ve medya yayın sınırı",OWNER_CAN_DECIDE_PROVISIONALLY,REGULATORY,Wave 25 ecosystem root baseline
W25-R06,Wave 25,origin/agent1/w25-global-owner-fast-review-pack,b5a62284c8ce6ddc03d66b3e2d78b8d3efd0ed55,docs/ECOSYSTEM_MOBILE_OWNER_REVIEW.md,R06,Product merge/split olduğunda purchase ve review geçmişi nasıl korunacak?,P0,AUTO_RESOLVABLE_AFTER_PARENT,OM-R07,"Product, Variant, Listing ve identifier kimliği",OWNER_CAN_DECIDE_NOW,NONE,Wave 25 ecosystem root baseline
W25-R07,Wave 25,origin/agent1/w25-global-owner-fast-review-pack,b5a62284c8ce6ddc03d66b3e2d78b8d3efd0ed55,docs/ECOSYSTEM_MOBILE_OWNER_REVIEW.md,R07,"Pilotta organization, shop, branch ve staff kapsamı ne kadar olacak?",P0,EXISTING_ROOT,OM-R09,"Merchant organization, authority ve pilot cohort",OWNER_CAN_DECIDE_NOW,NONE,Wave 25 ecosystem root baseline
W25-R08,Wave 25,origin/agent1/w25-global-owner-fast-review-pack,b5a62284c8ce6ddc03d66b3e2d78b8d3efd0ed55,docs/ECOSYSTEM_MOBILE_OWNER_REVIEW.md,R08,Proposed 67 sector leaf nasıl owner-final olacak ve organization/branch’e nasıl atanacak?,P1,EXISTING_ROOT,OM-R10,"Merchant sector, verification ve policy allowlist",OWNER_CAN_DECIDE_PROVISIONALLY,LAWYER;REGULATORY,Wave 25 ecosystem root baseline
W25-R09,Wave 25,origin/agent1/w25-global-owner-fast-review-pack,b5a62284c8ce6ddc03d66b3e2d78b8d3efd0ed55,docs/ECOSYSTEM_MOBILE_OWNER_REVIEW.md,R09,Pilotta hangi ürün/merchant policy grupları ve service yetenekleri açılacak?,P0,CHILD_OF_EXISTING_ROOT,OM-R10,"Merchant sector, verification ve policy allowlist",OWNER_CAN_DECIDE_PROVISIONALLY,LAWYER;REGULATORY,Wave 25 ecosystem root baseline
W25-R10,Wave 25,origin/agent1/w25-global-owner-fast-review-pack,b5a62284c8ce6ddc03d66b3e2d78b8d3efd0ed55,docs/ECOSYSTEM_MOBILE_OWNER_REVIEW.md,R10,"Availability freshness, review etkileşimi ve notification kapsamı ne olacak?",P1,EXISTING_ROOT,OM-R12,"Listing truth, freshness ve iletişim",OWNER_CAN_DECIDE_NOW,LAWYER,Wave 25 ecosystem root baseline
W25-R11,Wave 25,origin/agent1/w25-global-owner-fast-review-pack,b5a62284c8ce6ddc03d66b3e2d78b8d3efd0ed55,docs/ECOSYSTEM_MOBILE_OWNER_REVIEW.md,R11,Sibling branch QR doğrulayabilir mi ve actual quantity nasıl kanıtlanacak?,P0,EXISTING_ROOT,OM-R13,"QR rollout, exact-shop kanıtı ve merchant history",OWNER_CAN_DECIDE_NOW,NONE,Wave 25 ecosystem root baseline
W25-R12,Wave 25,origin/agent1/w25-global-owner-fast-review-pack,b5a62284c8ce6ddc03d66b3e2d78b8d3efd0ed55,docs/ECOSYSTEM_MOBILE_OWNER_REVIEW.md,R12,"Pilot öncesi full ayrı Merchant App mi, kontrollü operating path mi?",P1,EXISTING_ROOT,OM-R11,Minimum Merchant App ve assisted operating model,OWNER_CAN_DECIDE_NOW,NONE,Wave 25 ecosystem root baseline
W25-R13,Wave 25,origin/agent1/w25-global-owner-fast-review-pack,b5a62284c8ce6ddc03d66b3e2d78b8d3efd0ed55,docs/ECOSYSTEM_MOBILE_OWNER_REVIEW.md,R13,Esenler pilotunda Ads olacak mı; olacaksa hangi object ve surface kullanılacak?,P1,EXISTING_ROOT,OM-R29,"Ads zamanı, nesnesi, ekonomiği ve privacy",DEFERRED_POST_PILOT,LAWYER;KVKK,Wave 25 ecosystem root baseline
W25-R14,Wave 25,origin/agent1/w25-global-owner-fast-review-pack,b5a62284c8ce6ddc03d66b3e2d78b8d3efd0ed55,docs/ECOSYSTEM_MOBILE_OWNER_REVIEW.md,R14,"Ads açılırsa ücretlendirme, targeting ve attribution modeli ne olacak?",P0,CHILD_OF_EXISTING_ROOT,OM-R29,"Ads zamanı, nesnesi, ekonomiği ve privacy",DEFERRED_POST_PILOT,LAWYER;KVKK,Wave 25 ecosystem root baseline
W25-R15,Wave 25,origin/agent1/w25-global-owner-fast-review-pack,b5a62284c8ce6ddc03d66b3e2d78b8d3efd0ed55,docs/ECOSYSTEM_MOBILE_OWNER_REVIEW.md,R15,Reward pilotta açılacak mı; değer kim tarafından hangi kanıtla finanse edilip kullanılacak?,P0,EXISTING_ROOT,OM-R30,"Reward zamanı, ekonomiği ve değer transferi",DEFERRED_POST_PILOT,LAWYER;ACCOUNTANT,Wave 25 ecosystem root baseline
W25-R16,Wave 25,origin/agent1/w25-global-owner-fast-review-pack,b5a62284c8ce6ddc03d66b3e2d78b8d3efd0ed55,docs/ECOSYSTEM_MOBILE_OWNER_REVIEW.md,R16,"Pilotta hangi badge, level ve merchant reputation sinyalleri public olacak?",P1,EXISTING_ROOT,OM-R27,Public reputation kapsamı ve badge yayın zamanı,DEFERRED_POST_PILOT,LAWYER;KVKK,Wave 25 ecosystem root baseline
W25-R17,Wave 25,origin/agent1/w25-global-owner-fast-review-pack,b5a62284c8ce6ddc03d66b3e2d78b8d3efd0ed55,docs/ECOSYSTEM_MOBILE_OWNER_REVIEW.md,R17,"Pilot için hangi Ops rolleri, case/audit, second review ve retention gerekir?",P0,EXISTING_ROOT,OM-R14,"Lean Operations, support, staffing ve yetki",OWNER_CAN_DECIDE_NOW,LAWYER,Wave 25 ecosystem root baseline
W25-R18,Wave 25,origin/agent1/w25-global-owner-fast-review-pack,b5a62284c8ce6ddc03d66b3e2d78b8d3efd0ed55,docs/ECOSYSTEM_MOBILE_OWNER_REVIEW.md,R18,Pilotta hangi event/KPI tutulacak ve retention/privacy sınırı ne olacak?,P0,EXISTING_ROOT,OM-R15,"Pilot KPI, analytics, monitoring ve privacy sınırı",OWNER_CAN_DECIDE_PROVISIONALLY,KVKK,Wave 25 ecosystem root baseline
W24-OD-01,Wave 24,origin/agent2/w24-turkiye-platform-compliance-foundation,57bb5734d8e1770d56b3437046b43ea10e6774b2,docs/COMPLIANCE_OWNER_DECISION_INVENTORY.md,OD-01,How will the pilot describe EsnaftaVar's factual role?,P0,NEW_ROOT,OM-R18,"Terms, privacy, hesap yaşam döngüsü ve disclosure",OWNER_SHOULD_WAIT_FOR_LAWYER,LAWYER;KVKK,Semantic mapping; no option selected
W24-OD-02,Wave 24,origin/agent2/w24-turkiye-platform-compliance-foundation,57bb5734d8e1770d56b3437046b43ea10e6774b2,docs/COMPLIANCE_OWNER_DECISION_INVENTORY.md,OD-02,Which reachable support route launches?,P0,CHILD_OF_EXISTING_ROOT,OM-R14,"Lean Operations, support, staffing ve yetki",OWNER_CAN_DECIDE_NOW,LAWYER,Semantic mapping; no option selected
W24-OD-03,Wave 24,origin/agent2/w24-turkiye-platform-compliance-foundation,57bb5734d8e1770d56b3437046b43ea10e6774b2,docs/COMPLIANCE_OWNER_DECISION_INVENTORY.md,OD-03,What minimum ordinary-merchant evidence is acceptable?,P1,DEPENDENT_DECISION,OM-R10,"Merchant sector, verification ve policy allowlist",OWNER_CAN_DECIDE_PROVISIONALLY,LAWYER;REGULATORY,Semantic mapping; no option selected
W24-OD-04,Wave 24,origin/agent2/w24-turkiye-platform-compliance-foundation,57bb5734d8e1770d56b3437046b43ea10e6774b2,docs/COMPLIANCE_OWNER_DECISION_INVENTORY.md,OD-04,Which regulated capabilities are enabled versus fail-closed?,P0,DEPENDENT_DECISION,OM-R10,"Merchant sector, verification ve policy allowlist",OWNER_CAN_DECIDE_PROVISIONALLY,LAWYER;REGULATORY,Semantic mapping; no option selected
W24-OD-05,Wave 24,origin/agent2/w24-turkiye-platform-compliance-foundation,57bb5734d8e1770d56b3437046b43ea10e6774b2,docs/COMPLIANCE_OWNER_DECISION_INVENTORY.md,OD-05,Which ordinary catalog/listing capabilities are in pilot?,P0,CHILD_OF_EXISTING_ROOT,OM-R10,"Merchant sector, verification ve policy allowlist",OWNER_CAN_DECIDE_PROVISIONALLY,LAWYER;REGULATORY,Semantic mapping; no option selected
W24-OD-06,Wave 24,origin/agent2/w24-turkiye-platform-compliance-foundation,57bb5734d8e1770d56b3437046b43ea10e6774b2,docs/COMPLIANCE_OWNER_DECISION_INVENTORY.md,OD-06,Are sponsored placements enabled in pilot?,P0,CHILD_OF_EXISTING_ROOT,OM-R29,"Ads zamanı, nesnesi, ekonomiği ve privacy",DEFERRED_POST_PILOT,LAWYER;KVKK,Semantic mapping; no option selected
W24-OD-07,Wave 24,origin/agent2/w24-turkiye-platform-compliance-foundation,57bb5734d8e1770d56b3437046b43ea10e6774b2,docs/COMPLIANCE_OWNER_DECISION_INVENTORY.md,OD-07,"If ads launch, is targeting contextual-only?",P0,DEPENDENT_DECISION,OM-R29,"Ads zamanı, nesnesi, ekonomiği ve privacy",DEFERRED_POST_PILOT,LAWYER;KVKK,Semantic mapping; no option selected
W24-OD-08,Wave 24,origin/agent2/w24-turkiye-platform-compliance-foundation,57bb5734d8e1770d56b3437046b43ea10e6774b2,docs/COMPLIANCE_OWNER_DECISION_INVENTORY.md,OD-08,What exact persistent sponsor explanation UX ships?,P1,DEPENDENT_DECISION,OM-R29,"Ads zamanı, nesnesi, ekonomiği ve privacy",DEFERRED_POST_PILOT,LAWYER;KVKK,Semantic mapping; no option selected
W24-OD-09,Wave 24,origin/agent2/w24-turkiye-platform-compliance-foundation,57bb5734d8e1770d56b3437046b43ea10e6774b2,docs/COMPLIANCE_OWNER_DECISION_INVENTORY.md,OD-09,What verified-review method explanation ships?,P0,DEPENDENT_DECISION,OM-R26,Shop evaluation katkısı ve merchant feed projection,OWNER_CAN_DECIDE_PROVISIONALLY,KVKK,Semantic mapping; no option selected
W24-OD-10,Wave 24,origin/agent2/w24-turkiye-platform-compliance-foundation,57bb5734d8e1770d56b3437046b43ea10e6774b2,docs/COMPLIANCE_OWNER_DECISION_INVENTORY.md,OD-10,What review moderation and appeal experience ships?,P1,DEPENDENT_DECISION,OM-R26,Shop evaluation katkısı ve merchant feed projection,OWNER_CAN_DECIDE_PROVISIONALLY,KVKK,Semantic mapping; no option selected
W24-OD-11,Wave 24,origin/agent2/w24-turkiye-platform-compliance-foundation,57bb5734d8e1770d56b3437046b43ea10e6774b2,docs/COMPLIANCE_OWNER_DECISION_INVENTORY.md,OD-11,What QR limitation disclosure ships?,P0,DEPENDENT_DECISION,OM-R13,"QR rollout, exact-shop kanıtı ve merchant history",OWNER_CAN_DECIDE_NOW,NONE,Semantic mapping; no option selected
W24-OD-12,Wave 24,origin/agent2/w24-turkiye-platform-compliance-foundation,57bb5734d8e1770d56b3437046b43ea10e6774b2,docs/COMPLIANCE_OWNER_DECISION_INVENTORY.md,OD-12,Is transient exact location the pilot default?,P0,DEPENDENT_DECISION,OM-R05,"Customer erişimi, konum, yerel geçmiş ve AuthGuard",OWNER_CAN_DECIDE_PROVISIONALLY,KVKK,Semantic mapping; no option selected
W24-OD-13,Wave 24,origin/agent2/w24-turkiye-platform-compliance-foundation,57bb5734d8e1770d56b3437046b43ea10e6774b2,docs/COMPLIANCE_OWNER_DECISION_INVENTORY.md,OD-13,Which aggregate analytics are necessary for pilot?,P1,DEPENDENT_DECISION,OM-R15,"Pilot KPI, analytics, monitoring ve privacy sınırı",OWNER_CAN_DECIDE_PROVISIONALLY,KVKK,Semantic mapping; no option selected
W24-OD-14,Wave 24,origin/agent2/w24-turkiye-platform-compliance-foundation,57bb5734d8e1770d56b3437046b43ea10e6774b2,docs/COMPLIANCE_OWNER_DECISION_INVENTORY.md,OD-14,Which transactional/commercial message channels launch?,P1,DEPENDENT_DECISION,OM-R12,"Listing truth, freshness ve iletişim",OWNER_CAN_DECIDE_NOW,LAWYER,Semantic mapping; no option selected
W24-OD-15,Wave 24,origin/agent2/w24-turkiye-platform-compliance-foundation,57bb5734d8e1770d56b3437046b43ea10e6774b2,docs/COMPLIANCE_OWNER_DECISION_INVENTORY.md,OD-15,Are economic rewards disabled for pilot?,P0,DEPENDENT_DECISION,OM-R30,"Reward zamanı, ekonomiği ve değer transferi",DEFERRED_POST_PILOT,LAWYER;ACCOUNTANT,Semantic mapping; no option selected
W24-OD-16,Wave 24,origin/agent2/w24-turkiye-platform-compliance-foundation,57bb5734d8e1770d56b3437046b43ea10e6774b2,docs/COMPLIANCE_OWNER_DECISION_INVENTORY.md,OD-16,Can any reward move across merchants?,P0,DEPENDENT_DECISION,OM-R30,"Reward zamanı, ekonomiği ve değer transferi",DEFERRED_POST_PILOT,LAWYER;ACCOUNTANT,Semantic mapping; no option selected
W24-OD-17,Wave 24,origin/agent2/w24-turkiye-platform-compliance-foundation,57bb5734d8e1770d56b3437046b43ea10e6774b2,docs/COMPLIANCE_OWNER_DECISION_INVENTORY.md,OD-17,Which evidence-bounded reputation/badge claims are useful?,P2,CHILD_OF_EXISTING_ROOT,OM-R27,Public reputation kapsamı ve badge yayın zamanı,DEFERRED_POST_PILOT,LAWYER;KVKK,Semantic mapping; no option selected
W24-OD-18,Wave 24,origin/agent2/w24-turkiye-platform-compliance-foundation,57bb5734d8e1770d56b3437046b43ea10e6774b2,docs/COMPLIANCE_OWNER_DECISION_INVENTORY.md,OD-18,Which high-risk product groups remain excluded?,P0,DEPENDENT_DECISION,OM-R10,"Merchant sector, verification ve policy allowlist",OWNER_CAN_DECIDE_PROVISIONALLY,LAWYER;REGULATORY,Semantic mapping; no option selected
W24-OD-19,Wave 24,origin/agent2/w24-turkiye-platform-compliance-foundation,57bb5734d8e1770d56b3437046b43ea10e6774b2,docs/COMPLIANCE_OWNER_DECISION_INVENTORY.md,OD-19,Are all age-restricted goods excluded from pilot?,P0,DEPENDENT_DECISION,OM-R10,"Merchant sector, verification ve policy allowlist",OWNER_CAN_DECIDE_PROVISIONALLY,LAWYER;REGULATORY,Semantic mapping; no option selected
W24-OD-20,Wave 24,origin/agent2/w24-turkiye-platform-compliance-foundation,57bb5734d8e1770d56b3437046b43ea10e6774b2,docs/COMPLIANCE_OWNER_DECISION_INVENTORY.md,OD-20,Is chat/media included in the first pilot?,P1,DEPENDENT_DECISION,OM-R18,"Terms, privacy, hesap yaşam döngüsü ve disclosure",OWNER_SHOULD_WAIT_FOR_LAWYER,LAWYER;KVKK,Semantic mapping; no option selected
W24-OD-21,Wave 24,origin/agent2/w24-turkiye-platform-compliance-foundation,57bb5734d8e1770d56b3437046b43ea10e6774b2,docs/COMPLIANCE_OWNER_DECISION_INVENTORY.md,OD-21,What customer-facing account-deletion experience ships?,P0,DEPENDENT_DECISION,OM-R18,"Terms, privacy, hesap yaşam döngüsü ve disclosure",OWNER_SHOULD_WAIT_FOR_LAWYER,LAWYER;KVKK,Semantic mapping; no option selected
W24-OD-22,Wave 24,origin/agent2/w24-turkiye-platform-compliance-foundation,57bb5734d8e1770d56b3437046b43ea10e6774b2,docs/COMPLIANCE_OWNER_DECISION_INVENTORY.md,OD-22,What conservative retention posture is acceptable pending final schedule?,P0,DEPENDENT_DECISION,OM-R18,"Terms, privacy, hesap yaşam döngüsü ve disclosure",OWNER_SHOULD_WAIT_FOR_LAWYER,LAWYER;KVKK,Semantic mapping; no option selected
W24-OD-23,Wave 24,origin/agent2/w24-turkiye-platform-compliance-foundation,57bb5734d8e1770d56b3437046b43ea10e6774b2,docs/COMPLIANCE_OWNER_DECISION_INVENTORY.md,OD-23,Who performs pilot operations and what compensating controls apply?,P1,CHILD_OF_EXISTING_ROOT,OM-R14,"Lean Operations, support, staffing ve yetki",OWNER_CAN_DECIDE_NOW,LAWYER,Semantic mapping; no option selected
W24-OD-24,Wave 24,origin/agent2/w24-turkiye-platform-compliance-foundation,57bb5734d8e1770d56b3437046b43ea10e6774b2,docs/COMPLIANCE_OWNER_DECISION_INVENTORY.md,OD-24,Which mobile platforms are in pilot and therefore need exact store declarations?,P1,DEPENDENT_DECISION,OM-R04,"Pilot platformu, exact artifact ve kabul kanıtı",OWNER_CAN_DECIDE_NOW,NONE,Semantic mapping; no option selected
W26-PD-001,Wave 26,origin/agent3/w26-esenler-commercial-pilot-foundation,aaccff79561c7f10eed9038add590d9ea5d993f9,docs/PILOT_OWNER_DECISION_INVENTORY.md,PD-001,What single outcome defines pilot success?,P0,NEW_ROOT,OM-R01,Pilot başarı amacı,OWNER_CAN_DECIDE_NOW,NONE,Semantic mapping; no option selected
W26-PD-002,Wave 26,origin/agent3/w26-esenler-commercial-pilot-foundation,aaccff79561c7f10eed9038add590d9ea5d993f9,docs/PILOT_OWNER_DECISION_INVENTORY.md,PD-002,Which exact Esenler launch cell(s) are in scope?,P0,NEW_ROOT,OM-R02,Esenler coğrafya ve yoğunluk eşiği,OWNER_CAN_DECIDE_NOW,NONE,Semantic mapping; no option selected
W26-PD-003,Wave 26,origin/agent3/w26-esenler-commercial-pilot-foundation,aaccff79561c7f10eed9038add590d9ea5d993f9,docs/PILOT_OWNER_DECISION_INVENTORY.md,PD-003,"Invite-only, closed-track or broad public first cohort?",P0,NEW_ROOT,OM-R03,"Rollout, cohort ve dağıtım sırası",OWNER_CAN_DECIDE_NOW,NONE,Semantic mapping; no option selected
W26-PD-004,Wave 26,origin/agent3/w26-esenler-commercial-pilot-foundation,aaccff79561c7f10eed9038add590d9ea5d993f9,docs/PILOT_OWNER_DECISION_INVENTORY.md,PD-004,Which launch-size band is acceptable?,P0,DEPENDENT_DECISION,OM-R02,Esenler coğrafya ve yoğunluk eşiği,OWNER_CAN_DECIDE_NOW,NONE,Semantic mapping; no option selected
W26-PD-005,Wave 26,origin/agent3/w26-esenler-commercial-pilot-foundation,aaccff79561c7f10eed9038add590d9ea5d993f9,docs/PILOT_OWNER_DECISION_INVENTORY.md,PD-005,What evidence makes a cell/domain “usable”?,P0,DEPENDENT_DECISION,OM-R02,Esenler coğrafya ve yoğunluk eşiği,OWNER_CAN_DECIDE_NOW,NONE,Semantic mapping; no option selected
W26-PD-006,Wave 26,origin/agent3/w26-esenler-commercial-pilot-foundation,aaccff79561c7f10eed9038add590d9ea5d993f9,docs/PILOT_OWNER_DECISION_INVENTORY.md,PD-006,Which ordinary product domains launch first?,P0,CHILD_OF_EXISTING_ROOT,OM-R10,"Merchant sector, verification ve policy allowlist",OWNER_CAN_DECIDE_PROVISIONALLY,LAWYER;REGULATORY,Semantic mapping; no option selected
W26-PD-007,Wave 26,origin/agent3/w26-esenler-commercial-pilot-foundation,aaccff79561c7f10eed9038add590d9ea5d993f9,docs/PILOT_OWNER_DECISION_INVENTORY.md,PD-007,How may proposed Merchant Sector taxonomy be used before finalization?,P0,CHILD_OF_EXISTING_ROOT,OM-R10,"Merchant sector, verification ve policy allowlist",OWNER_CAN_DECIDE_PROVISIONALLY,LAWYER;REGULATORY,Semantic mapping; no option selected
W26-PD-008,Wave 26,origin/agent3/w26-esenler-commercial-pilot-foundation,aaccff79561c7f10eed9038add590d9ea5d993f9,docs/PILOT_OWNER_DECISION_INVENTORY.md,PD-008,What merchant participation offer is tested?,P0,NEW_ROOT,OM-R16,Merchant katılım teklifi ve ticari varsayım,OWNER_CAN_DECIDE_NOW,ACCOUNTANT,Semantic mapping; no option selected
W26-PD-009,Wave 26,origin/agent3/w26-esenler-commercial-pilot-foundation,aaccff79561c7f10eed9038add590d9ea5d993f9,docs/PILOT_OWNER_DECISION_INVENTORY.md,PD-009,"Is “three months free” retained, revised or removed?",P0,DEPENDENT_DECISION,OM-R16,Merchant katılım teklifi ve ticari varsayım,OWNER_CAN_DECIDE_NOW,ACCOUNTANT,Semantic mapping; no option selected
W26-PD-010,Wave 26,origin/agent3/w26-esenler-commercial-pilot-foundation,aaccff79561c7f10eed9038add590d9ea5d993f9,docs/PILOT_OWNER_DECISION_INVENTORY.md,PD-010,Which merchant acquisition channels may be used first?,P1,CHILD_OF_EXISTING_ROOT,OM-R17,Customer/merchant edinimi ve feedback yöntemi,OWNER_CAN_DECIDE_NOW,KVKK,Semantic mapping; no option selected
W26-PD-011,Wave 26,origin/agent3/w26-esenler-commercial-pilot-foundation,aaccff79561c7f10eed9038add590d9ea5d993f9,docs/PILOT_OWNER_DECISION_INVENTORY.md,PD-011,"Self-service, assisted or hybrid merchant onboarding?",P0,CHILD_OF_EXISTING_ROOT,OM-R11,Minimum Merchant App ve assisted operating model,OWNER_CAN_DECIDE_NOW,NONE,Semantic mapping; no option selected
W26-PD-012,Wave 26,origin/agent3/w26-esenler-commercial-pilot-foundation,aaccff79561c7f10eed9038add590d9ea5d993f9,docs/PILOT_OWNER_DECISION_INVENTORY.md,PD-012,What merchant/shop verification evidence is proportionate?,P0,DEPENDENT_DECISION,OM-R10,"Merchant sector, verification ve policy allowlist",OWNER_CAN_DECIDE_PROVISIONALLY,LAWYER;REGULATORY,Semantic mapping; no option selected
W26-PD-013,Wave 26,origin/agent3/w26-esenler-commercial-pilot-foundation,aaccff79561c7f10eed9038add590d9ea5d993f9,docs/PILOT_OWNER_DECISION_INVENTORY.md,PD-013,Must full Merchant App precede pilot?,P0,CHILD_OF_EXISTING_ROOT,OM-R11,Minimum Merchant App ve assisted operating model,OWNER_CAN_DECIDE_NOW,NONE,Semantic mapping; no option selected
W26-PD-014,Wave 26,origin/agent3/w26-esenler-commercial-pilot-foundation,aaccff79561c7f10eed9038add590d9ea5d993f9,docs/PILOT_OWNER_DECISION_INVENTORY.md,PD-014,What assisted listing/candidate cap applies per merchant?,P1,DEPENDENT_DECISION,OM-R08,"Catalog intake, ölçü ve medya yayın sınırı",OWNER_CAN_DECIDE_PROVISIONALLY,REGULATORY,Semantic mapping; no option selected
W26-PD-015,Wave 26,origin/agent3/w26-esenler-commercial-pilot-foundation,aaccff79561c7f10eed9038add590d9ea5d993f9,docs/PILOT_OWNER_DECISION_INVENTORY.md,PD-015,What freshness promise/window applies by domain?,P0,DEPENDENT_DECISION,OM-R12,"Listing truth, freshness ve iletişim",OWNER_CAN_DECIDE_NOW,LAWYER,Semantic mapping; no option selected
W26-PD-016,Wave 26,origin/agent3/w26-esenler-commercial-pilot-foundation,aaccff79561c7f10eed9038add590d9ea5d993f9,docs/PILOT_OWNER_DECISION_INVENTORY.md,PD-016,"Is QR enabled day one, staged or limited-cohort?",P0,DEPENDENT_DECISION,OM-R13,"QR rollout, exact-shop kanıtı ve merchant history",OWNER_CAN_DECIDE_NOW,NONE,Semantic mapping; no option selected
W26-PD-017,Wave 26,origin/agent3/w26-esenler-commercial-pilot-foundation,aaccff79561c7f10eed9038add590d9ea5d993f9,docs/PILOT_OWNER_DECISION_INVENTORY.md,PD-017,Which merchant verifier surface/path is acceptable?,P0,DEPENDENT_DECISION,OM-R11,Minimum Merchant App ve assisted operating model,OWNER_CAN_DECIDE_NOW,NONE,Semantic mapping; no option selected
W26-PD-018,Wave 26,origin/agent3/w26-esenler-commercial-pilot-foundation,aaccff79561c7f10eed9038add590d9ea5d993f9,docs/PILOT_OWNER_DECISION_INVENTORY.md,PD-018,Is first discovery guest-visible?,P0,CHILD_OF_EXISTING_ROOT,OM-R05,"Customer erişimi, konum, yerel geçmiş ve AuthGuard",OWNER_CAN_DECIDE_PROVISIONALLY,KVKK,Semantic mapping; no option selected
W26-PD-019,Wave 26,origin/agent3/w26-esenler-commercial-pilot-foundation,aaccff79561c7f10eed9038add590d9ea5d993f9,docs/PILOT_OWNER_DECISION_INVENTORY.md,PD-019,Which actions require registration?,P0,DEPENDENT_DECISION,OM-R05,"Customer erişimi, konum, yerel geçmiş ve AuthGuard",OWNER_CAN_DECIDE_PROVISIONALLY,KVKK,Semantic mapping; no option selected
W26-PD-020,Wave 26,origin/agent3/w26-esenler-commercial-pilot-foundation,aaccff79561c7f10eed9038add590d9ea5d993f9,docs/PILOT_OWNER_DECISION_INVENTORY.md,PD-020,When/how is location permission requested?,P0,DEPENDENT_DECISION,OM-R05,"Customer erişimi, konum, yerel geçmiş ve AuthGuard",OWNER_CAN_DECIDE_PROVISIONALLY,KVKK,Semantic mapping; no option selected
W26-PD-021,Wave 26,origin/agent3/w26-esenler-commercial-pilot-foundation,aaccff79561c7f10eed9038add590d9ea5d993f9,docs/PILOT_OWNER_DECISION_INVENTORY.md,PD-021,"Android-only, Android-first or dual-platform pilot?",P0,DEPENDENT_DECISION,OM-R04,"Pilot platformu, exact artifact ve kabul kanıtı",OWNER_CAN_DECIDE_NOW,NONE,Semantic mapping; no option selected
W26-PD-022,Wave 26,origin/agent3/w26-esenler-commercial-pilot-foundation,aaccff79561c7f10eed9038add590d9ea5d993f9,docs/PILOT_OWNER_DECISION_INVENTORY.md,PD-022,Internal/closed/open/store distribution sequence?,P0,DEPENDENT_DECISION,OM-R03,"Rollout, cohort ve dağıtım sırası",OWNER_CAN_DECIDE_NOW,NONE,Semantic mapping; no option selected
W26-PD-023,Wave 26,origin/agent3/w26-esenler-commercial-pilot-foundation,aaccff79561c7f10eed9038add590d9ea5d993f9,docs/PILOT_OWNER_DECISION_INVENTORY.md,PD-023,What is the first customer acquisition channel mix?,P0,NEW_ROOT,OM-R17,Customer/merchant edinimi ve feedback yöntemi,OWNER_CAN_DECIDE_NOW,KVKK,Semantic mapping; no option selected
W26-PD-024,Wave 26,origin/agent3/w26-esenler-commercial-pilot-foundation,aaccff79561c7f10eed9038add590d9ea5d993f9,docs/PILOT_OWNER_DECISION_INVENTORY.md,PD-024,Is any paid Meta/local experiment authorized in pilot?,P1,DEPENDENT_DECISION,OM-R17,Customer/merchant edinimi ve feedback yöntemi,OWNER_CAN_DECIDE_NOW,KVKK,Semantic mapping; no option selected
W26-PD-025,Wave 26,origin/agent3/w26-esenler-commercial-pilot-foundation,aaccff79561c7f10eed9038add590d9ea5d993f9,docs/PILOT_OWNER_DECISION_INVENTORY.md,PD-025,What support channels/hours are promised?,P0,CHILD_OF_EXISTING_ROOT,OM-R14,"Lean Operations, support, staffing ve yetki",OWNER_CAN_DECIDE_NOW,LAWYER,Semantic mapping; no option selected
W26-PD-026,Wave 26,origin/agent3/w26-esenler-commercial-pilot-foundation,aaccff79561c7f10eed9038add590d9ea5d993f9,docs/PILOT_OWNER_DECISION_INVENTORY.md,PD-026,Which staffing option funds the first cell?,P0,DEPENDENT_DECISION,OM-R14,"Lean Operations, support, staffing ve yetki",OWNER_CAN_DECIDE_NOW,LAWYER,Semantic mapping; no option selected
W26-PD-027,Wave 26,origin/agent3/w26-esenler-commercial-pilot-foundation,aaccff79561c7f10eed9038add590d9ea5d993f9,docs/PILOT_OWNER_DECISION_INVENTORY.md,PD-027,Who may pause features/acquisition and who restores them?,P0,DEPENDENT_DECISION,OM-R14,"Lean Operations, support, staffing ve yetki",OWNER_CAN_DECIDE_NOW,LAWYER,Semantic mapping; no option selected
W26-PD-028,Wave 26,origin/agent3/w26-esenler-commercial-pilot-foundation,aaccff79561c7f10eed9038add590d9ea5d993f9,docs/PILOT_OWNER_DECISION_INVENTORY.md,PD-028,What minimum monitoring/tooling is funded?,P0,DEPENDENT_DECISION,OM-R15,"Pilot KPI, analytics, monitoring ve privacy sınırı",OWNER_CAN_DECIDE_PROVISIONALLY,KVKK,Semantic mapping; no option selected
W26-PD-029,Wave 26,origin/agent3/w26-esenler-commercial-pilot-foundation,aaccff79561c7f10eed9038add590d9ea5d993f9,docs/PILOT_OWNER_DECISION_INVENTORY.md,PD-029,Which KPI set and reporting cadence govern pilot?,P0,CHILD_OF_EXISTING_ROOT,OM-R15,"Pilot KPI, analytics, monitoring ve privacy sınırı",OWNER_CAN_DECIDE_PROVISIONALLY,KVKK,Semantic mapping; no option selected
W26-PD-030,Wave 26,origin/agent3/w26-esenler-commercial-pilot-foundation,aaccff79561c7f10eed9038add590d9ea5d993f9,docs/PILOT_OWNER_DECISION_INVENTORY.md,PD-030,What baseline/window precedes numeric KPI targets?,P1,DEPENDENT_DECISION,OM-R15,"Pilot KPI, analytics, monitoring ve privacy sınırı",OWNER_CAN_DECIDE_PROVISIONALLY,KVKK,Semantic mapping; no option selected
W26-PD-031,Wave 26,origin/agent3/w26-esenler-commercial-pilot-foundation,aaccff79561c7f10eed9038add590d9ea5d993f9,docs/PILOT_OWNER_DECISION_INVENTORY.md,PD-031,How are customer and merchant retention defined?,P0,DEPENDENT_DECISION,OM-R15,"Pilot KPI, analytics, monitoring ve privacy sınırı",OWNER_CAN_DECIDE_PROVISIONALLY,KVKK,Semantic mapping; no option selected
W26-PD-032,Wave 26,origin/agent3/w26-esenler-commercial-pilot-foundation,aaccff79561c7f10eed9038add590d9ea5d993f9,docs/PILOT_OWNER_DECISION_INVENTORY.md,PD-032,Which post-pilot commercial model(s) are tested?,P0,DEPENDENT_DECISION,OM-R16,Merchant katılım teklifi ve ticari varsayım,OWNER_CAN_DECIDE_NOW,ACCOUNTANT,Semantic mapping; no option selected
W26-PD-033,Wave 26,origin/agent3/w26-esenler-commercial-pilot-foundation,aaccff79561c7f10eed9038add590d9ea5d993f9,docs/PILOT_OWNER_DECISION_INVENTORY.md,PD-033,"When, if ever, may sponsored ads enter?",P1,DEPENDENT_DECISION,OM-R29,"Ads zamanı, nesnesi, ekonomiği ve privacy",DEFERRED_POST_PILOT,LAWYER;KVKK,Semantic mapping; no option selected
W26-PD-034,Wave 26,origin/agent3/w26-esenler-commercial-pilot-foundation,aaccff79561c7f10eed9038add590d9ea5d993f9,docs/PILOT_OWNER_DECISION_INVENTORY.md,PD-034,"When, if ever, may rewards/gamification enter?",P1,DEPENDENT_DECISION,OM-R30,"Reward zamanı, ekonomiği ve değer transferi",DEFERRED_POST_PILOT,LAWYER;ACCOUNTANT,Semantic mapping; no option selected
W26-PD-035,Wave 26,origin/agent3/w26-esenler-commercial-pilot-foundation,aaccff79561c7f10eed9038add590d9ea5d993f9,docs/PILOT_OWNER_DECISION_INVENTORY.md,PD-035,"When, if ever, may public merchant reputation enter?",P1,DEPENDENT_DECISION,OM-R27,Public reputation kapsamı ve badge yayın zamanı,DEFERRED_POST_PILOT,LAWYER;KVKK,Semantic mapping; no option selected
W26-PD-036,Wave 26,origin/agent3/w26-esenler-commercial-pilot-foundation,aaccff79561c7f10eed9038add590d9ea5d993f9,docs/PILOT_OWNER_DECISION_INVENTORY.md,PD-036,Which customer/merchant feedback methods are approved?,P1,DEPENDENT_DECISION,OM-R17,Customer/merchant edinimi ve feedback yöntemi,OWNER_CAN_DECIDE_NOW,KVKK,Semantic mapping; no option selected
W26-PD-037,Wave 26,origin/agent3/w26-esenler-commercial-pilot-foundation,aaccff79561c7f10eed9038add590d9ea5d993f9,docs/PILOT_OWNER_DECISION_INVENTORY.md,PD-037,Which customer/merchant pilot terms and non-promises apply?,P0,DEPENDENT_DECISION,OM-R18,"Terms, privacy, hesap yaşam döngüsü ve disclosure",OWNER_SHOULD_WAIT_FOR_LAWYER,LAWYER;KVKK,Semantic mapping; no option selected
W26-PD-038,Wave 26,origin/agent3/w26-esenler-commercial-pilot-foundation,aaccff79561c7f10eed9038add590d9ea5d993f9,docs/PILOT_OWNER_DECISION_INVENTORY.md,PD-038,Which privacy purposes/retention/vendors are approved?,P0,DEPENDENT_DECISION,OM-R18,"Terms, privacy, hesap yaşam döngüsü ve disclosure",OWNER_SHOULD_WAIT_FOR_LAWYER,LAWYER;KVKK,Semantic mapping; no option selected
W26-PD-039,Wave 26,origin/agent3/w26-esenler-commercial-pilot-foundation,aaccff79561c7f10eed9038add590d9ea5d993f9,docs/PILOT_OWNER_DECISION_INVENTORY.md,PD-039,Who approves regulated/policy-sensitive domain expansion?,P0,DEPENDENT_DECISION,OM-R10,"Merchant sector, verification ve policy allowlist",OWNER_CAN_DECIDE_PROVISIONALLY,LAWYER;REGULATORY,Semantic mapping; no option selected
W26-PD-040,Wave 26,origin/agent3/w26-esenler-commercial-pilot-foundation,aaccff79561c7f10eed9038add590d9ea5d993f9,docs/PILOT_OWNER_DECISION_INVENTORY.md,PD-040,Which business/operational pause thresholds apply?,P0,NEW_ROOT,OM-R31,Pilot pause ve expansion ölçütleri,OWNER_CAN_DECIDE_NOW,NONE,Semantic mapping; no option selected
W26-PD-041,Wave 26,origin/agent3/w26-esenler-commercial-pilot-foundation,aaccff79561c7f10eed9038add590d9ea5d993f9,docs/PILOT_OWNER_DECISION_INVENTORY.md,PD-041,What proves readiness to expand within Esenler?,P0,DEPENDENT_DECISION,OM-R31,Pilot pause ve expansion ölçütleri,OWNER_CAN_DECIDE_NOW,NONE,Semantic mapping; no option selected
W26-PD-042,Wave 26,origin/agent3/w26-esenler-commercial-pilot-foundation,aaccff79561c7f10eed9038add590d9ea5d993f9,docs/PILOT_OWNER_DECISION_INVENTORY.md,PD-042,What proves readiness for a second district?,P1,DEPENDENT_DECISION,OM-R31,Pilot pause ve expansion ölçütleri,OWNER_CAN_DECIDE_NOW,NONE,Semantic mapping; no option selected
W26-PD-043,Wave 26,origin/agent3/w26-esenler-commercial-pilot-foundation,aaccff79561c7f10eed9038add590d9ea5d993f9,docs/PILOT_OWNER_DECISION_INVENTORY.md,PD-043,Is Android reach bias acceptable for the first cohort?,P0,DEPENDENT_DECISION,OM-R04,"Pilot platformu, exact artifact ve kabul kanıtı",OWNER_CAN_DECIDE_NOW,NONE,Semantic mapping; no option selected
W26-PD-044,Wave 26,origin/agent3/w26-esenler-commercial-pilot-foundation,aaccff79561c7f10eed9038add590d9ea5d993f9,docs/PILOT_OWNER_DECISION_INVENTORY.md,PD-044,What launch window/cadence and freeze period are acceptable?,P1,DEPENDENT_DECISION,OM-R03,"Rollout, cohort ve dağıtım sırası",OWNER_CAN_DECIDE_NOW,NONE,Semantic mapping; no option selected
W26-PD-045,Wave 26,origin/agent3/w26-esenler-commercial-pilot-foundation,aaccff79561c7f10eed9038add590d9ea5d993f9,docs/PILOT_OWNER_DECISION_INVENTORY.md,PD-045,"Which dimension may expand first: cell, merchants, domains, cohort or channel?",P1,DEPENDENT_DECISION,OM-R31,Pilot pause ve expansion ölçütleri,OWNER_CAN_DECIDE_NOW,NONE,Semantic mapping; no option selected
W28-OD-01,Wave 28,origin/agent2/w28-unified-review-reputation-algorithm-foundation,4404ac338d145662b7751704c2d6df9c679d31f4,docs/REVIEW_ALGO_OWNER_DECISION_INVENTORY.md,OD-01,Which pilot phase launches?,P0,NEW_ROOT,OM-R25,"Tek değerlendirme akışı, faz ve soru seti",OWNER_CAN_DECIDE_PROVISIONALLY,KVKK,Semantic mapping; no option selected
W28-OD-02,Wave 28,origin/agent2/w28-unified-review-reputation-algorithm-foundation,4404ac338d145662b7751704c2d6df9c679d31f4,docs/REVIEW_ALGO_OWNER_DECISION_INVENTORY.md,OD-02,Three or four questions?,P1,DEPENDENT_DECISION,OM-R25,"Tek değerlendirme akışı, faz ve soru seti",OWNER_CAN_DECIDE_PROVISIONALLY,KVKK,Semantic mapping; no option selected
W28-OD-03,Wave 28,origin/agent2/w28-unified-review-reputation-algorithm-foundation,4404ac338d145662b7751704c2d6df9c679d31f4,docs/REVIEW_ALGO_OWNER_DECISION_INVENTORY.md,OD-03,Which dimensions launch?,P1,DEPENDENT_DECISION,OM-R25,"Tek değerlendirme akışı, faz ve soru seti",OWNER_CAN_DECIDE_PROVISIONALLY,KVKK,Semantic mapping; no option selected
W28-OD-04,Wave 28,origin/agent2/w28-unified-review-reputation-algorithm-foundation,4404ac338d145662b7751704c2d6df9c679d31f4,docs/REVIEW_ALGO_OWNER_DECISION_INVENTORY.md,OD-04,Which response scale?,P2,DEPENDENT_DECISION,OM-R25,"Tek değerlendirme akışı, faz ve soru seti",OWNER_CAN_DECIDE_PROVISIONALLY,KVKK,Semantic mapping; no option selected
W28-OD-05,Wave 28,origin/agent2/w28-unified-review-reputation-algorithm-foundation,4404ac338d145662b7751704c2d6df9c679d31f4,docs/REVIEW_ALGO_OWNER_DECISION_INVENTORY.md,OD-05,Are skip/N/A independent per question?,P1,DEPENDENT_DECISION,OM-R25,"Tek değerlendirme akışı, faz ve soru seti",OWNER_CAN_DECIDE_PROVISIONALLY,KVKK,Semantic mapping; no option selected
W28-OD-06,Wave 28,origin/agent2/w28-unified-review-reputation-algorithm-foundation,4404ac338d145662b7751704c2d6df9c679d31f4,docs/REVIEW_ALGO_OWNER_DECISION_INVENTORY.md,OD-06,Is shop evaluation per purchase or lifetime?,P0,NEW_ROOT,OM-R26,Shop evaluation katkısı ve merchant feed projection,OWNER_CAN_DECIDE_PROVISIONALLY,KVKK,Semantic mapping; no option selected
W28-OD-07,Wave 28,origin/agent2/w28-unified-review-reputation-algorithm-foundation,4404ac338d145662b7751704c2d6df9c679d31f4,docs/REVIEW_ALGO_OWNER_DECISION_INVENTORY.md,OD-07,What repeat-customer cap/window applies?,P0,DEPENDENT_DECISION,OM-R26,Shop evaluation katkısı ve merchant feed projection,OWNER_CAN_DECIDE_PROVISIONALLY,KVKK,Semantic mapping; no option selected
W28-OD-08,Wave 28,origin/agent2/w28-unified-review-reputation-algorithm-foundation,4404ac338d145662b7751704c2d6df9c679d31f4,docs/REVIEW_ALGO_OWNER_DECISION_INVENTORY.md,OD-08,Can Shop B be evaluated after same product at Shop A?,P0,DEPENDENT_DECISION,OM-R26,Shop evaluation katkısı ve merchant feed projection,OWNER_CAN_DECIDE_PROVISIONALLY,KVKK,Semantic mapping; no option selected
W28-OD-09,Wave 28,origin/agent2/w28-unified-review-reputation-algorithm-foundation,4404ac338d145662b7751704c2d6df9c679d31f4,docs/REVIEW_ALGO_OWNER_DECISION_INVENTORY.md,OD-09,Which shop owns product-review feed projection?,P0,DEPENDENT_DECISION,OM-R26,Shop evaluation katkısı ve merchant feed projection,OWNER_CAN_DECIDE_PROVISIONALLY,KVKK,Semantic mapping; no option selected
W28-OD-10,Wave 28,origin/agent2/w28-unified-review-reputation-algorithm-foundation,4404ac338d145662b7751704c2d6df9c679d31f4,docs/REVIEW_ALGO_OWNER_DECISION_INVENTORY.md,OD-10,Are structured values shown per feed item?,P1,DEPENDENT_DECISION,OM-R26,Shop evaluation katkısı ve merchant feed projection,OWNER_CAN_DECIDE_PROVISIONALLY,KVKK,Semantic mapping; no option selected
W28-OD-11,Wave 28,origin/agent2/w28-unified-review-reputation-algorithm-foundation,4404ac338d145662b7751704c2d6df9c679d31f4,docs/REVIEW_ALGO_OWNER_DECISION_INVENTORY.md,OD-11,Is reputation shop or organization scoped?,P0,DEPENDENT_DECISION,OM-R27,Public reputation kapsamı ve badge yayın zamanı,DEFERRED_POST_PILOT,LAWYER;KVKK,Semantic mapping; no option selected
W28-OD-12,Wave 28,origin/agent2/w28-unified-review-reputation-algorithm-foundation,4404ac338d145662b7751704c2d6df9c679d31f4,docs/REVIEW_ALGO_OWNER_DECISION_INVENTORY.md,OD-12,Is organization roll-up launched?,P1,DEPENDENT_DECISION,OM-R27,Public reputation kapsamı ve badge yayın zamanı,DEFERRED_POST_PILOT,LAWYER;KVKK,Semantic mapping; no option selected
W28-OD-13,Wave 28,origin/agent2/w28-unified-review-reputation-algorithm-foundation,4404ac338d145662b7751704c2d6df9c679d31f4,docs/REVIEW_ALGO_OWNER_DECISION_INVENTORY.md,OD-13,Which aggregation model leads?,P0,NEW_ROOT,OM-R28,"Reputation algoritması, composite ve Mahallenin Yıldızı",DEFERRED_POST_PILOT,LAWYER;KVKK;TECHNICAL_ARCHITECT,Semantic mapping; no option selected
W28-OD-14,Wave 28,origin/agent2/w28-unified-review-reputation-algorithm-foundation,4404ac338d145662b7751704c2d6df9c679d31f4,docs/REVIEW_ALGO_OWNER_DECISION_INVENTORY.md,OD-14,How is a Bayesian prior scoped?,P1,IMPLEMENTATION_DETAIL_NOT_OWNER_DECISION,OM-R28,"Reputation algoritması, composite ve Mahallenin Yıldızı",DEFERRED_POST_PILOT,LAWYER;KVKK;TECHNICAL_ARCHITECT,Semantic mapping; no option selected
W28-OD-15,Wave 28,origin/agent2/w28-unified-review-reputation-algorithm-foundation,4404ac338d145662b7751704c2d6df9c679d31f4,docs/REVIEW_ALGO_OWNER_DECISION_INVENTORY.md,OD-15,What minimum sample applies?,P0,DEPENDENT_DECISION,OM-R28,"Reputation algoritması, composite ve Mahallenin Yıldızı",DEFERRED_POST_PILOT,LAWYER;KVKK;TECHNICAL_ARCHITECT,Semantic mapping; no option selected
W28-OD-16,Wave 28,origin/agent2/w28-unified-review-reputation-algorithm-foundation,4404ac338d145662b7751704c2d6df9c679d31f4,docs/REVIEW_ALGO_OWNER_DECISION_INVENTORY.md,OD-16,How is confidence communicated?,P1,DEPENDENT_DECISION,OM-R28,"Reputation algoritması, composite ve Mahallenin Yıldızı",DEFERRED_POST_PILOT,LAWYER;KVKK;TECHNICAL_ARCHITECT,Semantic mapping; no option selected
W28-OD-17,Wave 28,origin/agent2/w28-unified-review-reputation-algorithm-foundation,4404ac338d145662b7751704c2d6df9c679d31f4,docs/REVIEW_ALGO_OWNER_DECISION_INVENTORY.md,OD-17,What recency model applies?,P1,DEFERRED_FUTURE_DECISION,OM-R28,"Reputation algoritması, composite ve Mahallenin Yıldızı",DEFERRED_POST_PILOT,LAWYER;KVKK;TECHNICAL_ARCHITECT,Semantic mapping; no option selected
W28-OD-18,Wave 28,origin/agent2/w28-unified-review-reputation-algorithm-foundation,4404ac338d145662b7751704c2d6df9c679d31f4,docs/REVIEW_ALGO_OWNER_DECISION_INVENTORY.md,OD-18,What happens on ownership transfer?,P0,DEPENDENT_DECISION,OM-R27,Public reputation kapsamı ve badge yayın zamanı,DEFERRED_POST_PILOT,LAWYER;KVKK,Semantic mapping; no option selected
W28-OD-19,Wave 28,origin/agent2/w28-unified-review-reputation-algorithm-foundation,4404ac338d145662b7751704c2d6df9c679d31f4,docs/REVIEW_ALGO_OWNER_DECISION_INVENTORY.md,OD-19,Which primary badges exist?,P1,DEFERRED_FUTURE_DECISION,OM-R28,"Reputation algoritması, composite ve Mahallenin Yıldızı",DEFERRED_POST_PILOT,LAWYER;KVKK;TECHNICAL_ARCHITECT,Semantic mapping; no option selected
W28-OD-20,Wave 28,origin/agent2/w28-unified-review-reputation-algorithm-foundation,4404ac338d145662b7751704c2d6df9c679d31f4,docs/REVIEW_ALGO_OWNER_DECISION_INVENTORY.md,OD-20,Are candidate badge names acceptable?,P2,DEFERRED_FUTURE_DECISION,OM-R28,"Reputation algoritması, composite ve Mahallenin Yıldızı",DEFERRED_POST_PILOT,LAWYER;KVKK;TECHNICAL_ARCHITECT,Semantic mapping; no option selected
W28-OD-21,Wave 28,origin/agent2/w28-unified-review-reputation-algorithm-foundation,4404ac338d145662b7751704c2d6df9c679d31f4,docs/REVIEW_ALGO_OWNER_DECISION_INVENTORY.md,OD-21,Is there an AT_RISK grace period?,P1,DEFERRED_FUTURE_DECISION,OM-R28,"Reputation algoritması, composite ve Mahallenin Yıldızı",DEFERRED_POST_PILOT,LAWYER;KVKK;TECHNICAL_ARCHITECT,Semantic mapping; no option selected
W28-OD-22,Wave 28,origin/agent2/w28-unified-review-reputation-algorithm-foundation,4404ac338d145662b7751704c2d6df9c679d31f4,docs/REVIEW_ALGO_OWNER_DECISION_INVENTORY.md,OD-22,How do composites qualify?,P1,DEFERRED_FUTURE_DECISION,OM-R28,"Reputation algoritması, composite ve Mahallenin Yıldızı",DEFERRED_POST_PILOT,LAWYER;KVKK;TECHNICAL_ARCHITECT,Semantic mapping; no option selected
W28-OD-23,Wave 28,origin/agent2/w28-unified-review-reputation-algorithm-foundation,4404ac338d145662b7751704c2d6df9c679d31f4,docs/REVIEW_ALGO_OWNER_DECISION_INVENTORY.md,OD-23,When may meta badges launch?,P0,DEFERRED_FUTURE_DECISION,OM-R28,"Reputation algoritması, composite ve Mahallenin Yıldızı",DEFERRED_POST_PILOT,LAWYER;KVKK;TECHNICAL_ARCHITECT,Semantic mapping; no option selected
W28-OD-24,Wave 28,origin/agent2/w28-unified-review-reputation-algorithm-foundation,4404ac338d145662b7751704c2d6df9c679d31f4,docs/REVIEW_ALGO_OWNER_DECISION_INVENTORY.md,OD-24,Which Mahallenin Yıldızı model applies?,P0,DEFERRED_FUTURE_DECISION,OM-R28,"Reputation algoritması, composite ve Mahallenin Yıldızı",DEFERRED_POST_PILOT,LAWYER;KVKK;TECHNICAL_ARCHITECT,Semantic mapping; no option selected
W28-OD-25,Wave 28,origin/agent2/w28-unified-review-reputation-algorithm-foundation,4404ac338d145662b7751704c2d6df9c679d31f4,docs/REVIEW_ALGO_OWNER_DECISION_INVENTORY.md,OD-25,How is neighborhood/region defined?,P0,DEFERRED_FUTURE_DECISION,OM-R28,"Reputation algoritması, composite ve Mahallenin Yıldızı",DEFERRED_POST_PILOT,LAWYER;KVKK;TECHNICAL_ARCHITECT,Semantic mapping; no option selected
W28-OD-26,Wave 28,origin/agent2/w28-unified-review-reputation-algorithm-foundation,4404ac338d145662b7751704c2d6df9c679d31f4,docs/REVIEW_ALGO_OWNER_DECISION_INVENTORY.md,OD-26,How do fraud signals affect badges?,P0,DEPENDENT_DECISION,OM-R28,"Reputation algoritması, composite ve Mahallenin Yıldızı",DEFERRED_POST_PILOT,LAWYER;KVKK;TECHNICAL_ARCHITECT,Semantic mapping; no option selected
W28-OD-27,Wave 28,origin/agent2/w28-unified-review-reputation-algorithm-foundation,4404ac338d145662b7751704c2d6df9c679d31f4,docs/REVIEW_ALGO_OWNER_DECISION_INVENTORY.md,OD-27,What appeal/reversal contract applies?,P0,DEPENDENT_DECISION,OM-R28,"Reputation algoritması, composite ve Mahallenin Yıldızı",DEFERRED_POST_PILOT,LAWYER;KVKK;TECHNICAL_ARCHITECT,Semantic mapping; no option selected
W28-OD-28,Wave 28,origin/agent2/w28-unified-review-reputation-algorithm-foundation,4404ac338d145662b7751704c2d6df9c679d31f4,docs/REVIEW_ALGO_OWNER_DECISION_INVENTORY.md,OD-28,Is a public merchant star shown?,P1,DEFERRED_FUTURE_DECISION,OM-R27,Public reputation kapsamı ve badge yayın zamanı,DEFERRED_POST_PILOT,LAWYER;KVKK,Semantic mapping; no option selected
W28-OD-29,Wave 28,origin/agent2/w28-unified-review-reputation-algorithm-foundation,4404ac338d145662b7751704c2d6df9c679d31f4,docs/REVIEW_ALGO_OWNER_DECISION_INVENTORY.md,OD-29,What notice/retention/deletion rules apply?,P0,PROFESSIONAL_REVIEW_ONLY,OM-R18,"Terms, privacy, hesap yaşam döngüsü ve disclosure",OWNER_SHOULD_WAIT_FOR_LAWYER,LAWYER;KVKK,Semantic mapping; no option selected
W28-OD-30,Wave 28,origin/agent2/w28-unified-review-reputation-algorithm-foundation,4404ac338d145662b7751704c2d6df9c679d31f4,docs/REVIEW_ALGO_OWNER_DECISION_INVENTORY.md,OD-30,Do badges influence organic search/comparison?,P1,DEFERRED_FUTURE_DECISION,OM-R27,Public reputation kapsamı ve badge yayın zamanı,DEFERRED_POST_PILOT,LAWYER;KVKK,Semantic mapping; no option selected
W29-UI-R01,Wave 29,origin/agent3/w29-customer-ui-owner-fast-review,9a708f6e8cfcbad2876a967802525fbedda53dcc,docs/UI_MOBILE_OWNER_REVIEW.md,UI-R01,"Ana aksiyon rengi teal/yeşil mi, terracotta mı olmalı?",P0,NEW_ROOT,OM-R19,Customer UI palette rolleri,OWNER_CAN_DECIDE_NOW,NONE,Semantic mapping; no option selected
W29-UI-R02,Wave 29,origin/agent3/w29-customer-ui-owner-fast-review,9a708f6e8cfcbad2876a967802525fbedda53dcc,docs/UI_MOBILE_OWNER_REVIEW.md,UI-R02,"Pilot dark mode olmadan, tutarlı light mode ile çıkabilir mi?",P0,NEW_ROOT,OM-R20,Pilot light/dark mode kapsamı,OWNER_CAN_DECIDE_NOW,NONE,Semantic mapping; no option selected
W29-UI-R03,Wave 29,origin/agent3/w29-customer-ui-owner-fast-review,9a708f6e8cfcbad2876a967802525fbedda53dcc,docs/UI_MOBILE_OWNER_REVIEW.md,UI-R03,"Home, listeleme ve ürün/satıcı yönü C1 kontrolleriyle onaylanabilir mi?",P0,NEW_ROOT,OM-R21,Kritik Customer ekran yönü,OWNER_CAN_DECIDE_NOW,NONE,Semantic mapping; no option selected
W29-UI-R04,Wave 29,origin/agent3/w29-customer-ui-owner-fast-review,9a708f6e8cfcbad2876a967802525fbedda53dcc,docs/UI_MOBILE_OWNER_REVIEW.md,UI-R04,Shop Details ekranında hangi aksiyon en güçlü görünmeli?,P0,NEW_ROOT,OM-R22,Shop Details ana CTA hiyerarşisi,OWNER_CAN_DECIDE_NOW,NONE,Semantic mapping; no option selected
W29-UI-R05,Wave 29,origin/agent3/w29-customer-ui-owner-fast-review,9a708f6e8cfcbad2876a967802525fbedda53dcc,docs/UI_MOBILE_OWNER_REVIEW.md,UI-R05,Cart V2 müşteriye hangi ürün anlamıyla sunulmalı?,P0,NEW_ROOT,OM-R23,Cart V2 ürün anlamı,OWNER_CAN_DECIDE_NOW,NONE,Semantic mapping; no option selected
W29-UI-R06,Wave 29,origin/agent3/w29-customer-ui-owner-fast-review,9a708f6e8cfcbad2876a967802525fbedda53dcc,docs/UI_MOBILE_OWNER_REVIEW.md,UI-R06,Korunan aksiyon isteyen misafire giriş gereksinimi nasıl anlatılmalı?,P0,CHILD_OF_EXISTING_ROOT,OM-R05,"Customer erişimi, konum, yerel geçmiş ve AuthGuard",OWNER_CAN_DECIDE_PROVISIONALLY,KVKK,Semantic mapping; no option selected
W29-UI-R07,Wave 29,origin/agent3/w29-customer-ui-owner-fast-review,9a708f6e8cfcbad2876a967802525fbedda53dcc,docs/UI_MOBILE_OWNER_REVIEW.md,UI-R07,390 px ekranda ürün ve kategori kartları ne kadar yoğun olmalı?,P0,NEW_ROOT,OM-R24,Customer kart yoğunluğu,OWNER_CAN_DECIDE_NOW,NONE,Semantic mapping; no option selected
W29-UI-R08,Wave 29,origin/agent3/w29-customer-ui-owner-fast-review,9a708f6e8cfcbad2876a967802525fbedda53dcc,docs/UI_MOBILE_OWNER_REVIEW.md,UI-R08,Eksik ürün görselleri ve ikonlar hangi görsel dili kullanmalı?,P1,DEPENDENT_DECISION,OM-R21,Kritik Customer ekran yönü,OWNER_CAN_DECIDE_NOW,NONE,Semantic mapping; no option selected
W29-UI-R09,Wave 29,origin/agent3/w29-customer-ui-owner-fast-review,9a708f6e8cfcbad2876a967802525fbedda53dcc,docs/UI_MOBILE_OWNER_REVIEW.md,UI-R09,Pilot UI ne kadar animasyonlu olmalı?,P2,IMPLEMENTATION_DETAIL_NOT_OWNER_DECISION,OM-R21,Kritik Customer ekran yönü,OWNER_CAN_DECIDE_NOW,NONE,Semantic mapping; no option selected
W29-UI-R10,Wave 29,origin/agent3/w29-customer-ui-owner-fast-review,9a708f6e8cfcbad2876a967802525fbedda53dcc,docs/UI_MOBILE_OWNER_REVIEW.md,UI-R10,Uygulamanın müşteriye konuşma tonu nasıl olmalı?,P1,DEPENDENT_DECISION,OM-R21,Kritik Customer ekran yönü,OWNER_CAN_DECIDE_NOW,NONE,Semantic mapping; no option selected
W29-UI-R11,Wave 29,origin/agent3/w29-customer-ui-owner-fast-review,9a708f6e8cfcbad2876a967802525fbedda53dcc,docs/UI_MOBILE_OWNER_REVIEW.md,UI-R11,Doğrulanmış alışveriş ve henüz aktif olmayan özellikler nasıl gösterilmeli?,P1,DEPENDENT_DECISION,OM-R21,Kritik Customer ekran yönü,OWNER_CAN_DECIDE_NOW,NONE,Semantic mapping; no option selected
W29-UI-R12,Wave 29,origin/agent3/w29-customer-ui-owner-fast-review,9a708f6e8cfcbad2876a967802525fbedda53dcc,docs/UI_MOBILE_OWNER_REVIEW.md,UI-R12,Kritik ekranlar tamamlandıktan sonra hangi görsel işler bekleyebilir?,P0,DEFERRED_FUTURE_DECISION,OM-R21,Kritik Customer ekran yönü,OWNER_CAN_DECIDE_NOW,NONE,Semantic mapping; no option selected
W29-UI-R13,Wave 29,origin/agent3/w29-customer-ui-owner-fast-review,9a708f6e8cfcbad2876a967802525fbedda53dcc,docs/UI_MOBILE_OWNER_REVIEW.md,UI-R13,Pilot için özel tablet ekranları gerekli mi?,P2,IMPLEMENTATION_DETAIL_NOT_OWNER_DECISION,OM-R21,Kritik Customer ekran yönü,OWNER_CAN_DECIDE_NOW,NONE,Semantic mapping; no option selected
W29-UI-R14,Wave 29,origin/agent3/w29-customer-ui-owner-fast-review,9a708f6e8cfcbad2876a967802525fbedda53dcc,docs/UI_MOBILE_OWNER_REVIEW.md,UI-R14,K'pasa referansı ve Customer/Merchant ortaklığı ne kadar ileri gitmeli?,P2,IMPLEMENTATION_DETAIL_NOT_OWNER_DECISION,OM-R11,Minimum Merchant App ve assisted operating model,OWNER_CAN_DECIDE_NOW,NONE,Semantic mapping; no option selected
W29-UI-R15,Wave 29,origin/agent3/w29-customer-ui-owner-fast-review,9a708f6e8cfcbad2876a967802525fbedda53dcc,docs/UI_MOBILE_OWNER_REVIEW.md,UI-R15,UI'nin final kabul edilmesi için hangi kanıt zorunlu olmalı?,P0,CHILD_OF_EXISTING_ROOT,OM-R04,"Pilot platformu, exact artifact ve kabul kanıtı",OWNER_CAN_DECIDE_NOW,NONE,Semantic mapping; no option selected
W30-MPD-01,Wave 30,origin/agent2/w30-minimum-merchant-pilot-surface,a7532adbdab068fc262054c90dc7c1bf4d8b1d32,docs/MERCHANT_PILOT_OWNER_DECISIONS.md,MPD-01,Pilot operating model?,P0,CHILD_OF_EXISTING_ROOT,OM-R11,Minimum Merchant App ve assisted operating model,OWNER_CAN_DECIDE_NOW,NONE,Semantic mapping; no option selected
W30-MPD-02,Wave 30,origin/agent2/w30-minimum-merchant-pilot-surface,a7532adbdab068fc262054c90dc7c1bf4d8b1d32,docs/MERCHANT_PILOT_OWNER_DECISIONS.md,MPD-02,Initial cohort shape?,P0,CHILD_OF_EXISTING_ROOT,OM-R09,"Merchant organization, authority ve pilot cohort",OWNER_CAN_DECIDE_NOW,NONE,Semantic mapping; no option selected
W30-MPD-03,Wave 30,origin/agent2/w30-minimum-merchant-pilot-surface,a7532adbdab068fc262054c90dc7c1bf4d8b1d32,docs/MERCHANT_PILOT_OWNER_DECISIONS.md,MPD-03,Must merchant self-service listing truth?,P0,CHILD_OF_EXISTING_ROOT,OM-R12,"Listing truth, freshness ve iletişim",OWNER_CAN_DECIDE_NOW,LAWYER,Semantic mapping; no option selected
W30-MPD-04,Wave 30,origin/agent2/w30-minimum-merchant-pilot-surface,a7532adbdab068fc262054c90dc7c1bf4d8b1d32,docs/MERCHANT_PILOT_OWNER_DECISIONS.md,MPD-04,QR launch scope?,P0,CHILD_OF_EXISTING_ROOT,OM-R13,"QR rollout, exact-shop kanıtı ve merchant history",OWNER_CAN_DECIDE_NOW,NONE,Semantic mapping; no option selected
W30-MPD-05,Wave 30,origin/agent2/w30-minimum-merchant-pilot-surface,a7532adbdab068fc262054c90dc7c1bf4d8b1d32,docs/MERCHANT_PILOT_OWNER_DECISIONS.md,MPD-05,Regulated domains?,P0,CHILD_OF_EXISTING_ROOT,OM-R10,"Merchant sector, verification ve policy allowlist",OWNER_CAN_DECIDE_PROVISIONALLY,LAWYER;REGULATORY,Semantic mapping; no option selected
W30-MPD-06,Wave 30,origin/agent2/w30-minimum-merchant-pilot-surface,a7532adbdab068fc262054c90dc7c1bf4d8b1d32,docs/MERCHANT_PILOT_OWNER_DECISIONS.md,MPD-06,Production release authority?,P0,CHILD_OF_EXISTING_ROOT,OM-R04,"Pilot platformu, exact artifact ve kabul kanıtı",OWNER_CAN_DECIDE_NOW,NONE,Semantic mapping; no option selected
W30-MPD-07,Wave 30,origin/agent2/w30-minimum-merchant-pilot-surface,a7532adbdab068fc262054c90dc7c1bf4d8b1d32,docs/MERCHANT_PILOT_OWNER_DECISIONS.md,MPD-07,Single-owner duration?,P1,CHILD_OF_EXISTING_ROOT,OM-R09,"Merchant organization, authority ve pilot cohort",OWNER_CAN_DECIDE_NOW,NONE,Semantic mapping; no option selected
W30-MPD-08,Wave 30,origin/agent2/w30-minimum-merchant-pilot-surface,a7532adbdab068fc262054c90dc7c1bf4d8b1d32,docs/MERCHANT_PILOT_OWNER_DECISIONS.md,MPD-08,Assisted onboarding limit?,P1,CHILD_OF_EXISTING_ROOT,OM-R11,Minimum Merchant App ve assisted operating model,OWNER_CAN_DECIDE_NOW,NONE,Semantic mapping; no option selected
W30-MPD-09,Wave 30,origin/agent2/w30-minimum-merchant-pilot-surface,a7532adbdab068fc262054c90dc7c1bf4d8b1d32,docs/MERCHANT_PILOT_OWNER_DECISIONS.md,MPD-09,Shop profile edits?,P1,CHILD_OF_EXISTING_ROOT,OM-R12,"Listing truth, freshness ve iletişim",OWNER_CAN_DECIDE_NOW,LAWYER,Semantic mapping; no option selected
W30-MPD-10,Wave 30,origin/agent2/w30-minimum-merchant-pilot-surface,a7532adbdab068fc262054c90dc7c1bf4d8b1d32,docs/MERCHANT_PILOT_OWNER_DECISIONS.md,MPD-10,Freshness policy?,P1,CHILD_OF_EXISTING_ROOT,OM-R12,"Listing truth, freshness ve iletişim",OWNER_CAN_DECIDE_NOW,LAWYER,Semantic mapping; no option selected
W30-MPD-11,Wave 30,origin/agent2/w30-minimum-merchant-pilot-surface,a7532adbdab068fc262054c90dc7c1bf4d8b1d32,docs/MERCHANT_PILOT_OWNER_DECISIONS.md,MPD-11,Availability model?,P1,CHILD_OF_EXISTING_ROOT,OM-R12,"Listing truth, freshness ve iletişim",OWNER_CAN_DECIDE_NOW,LAWYER,Semantic mapping; no option selected
W30-MPD-12,Wave 30,origin/agent2/w30-minimum-merchant-pilot-surface,a7532adbdab068fc262054c90dc7c1bf4d8b1d32,docs/MERCHANT_PILOT_OWNER_DECISIONS.md,MPD-12,Candidate intake?,P1,CHILD_OF_EXISTING_ROOT,OM-R08,"Catalog intake, ölçü ve medya yayın sınırı",OWNER_CAN_DECIDE_PROVISIONALLY,REGULATORY,Semantic mapping; no option selected
W30-MPD-13,Wave 30,origin/agent2/w30-minimum-merchant-pilot-surface,a7532adbdab068fc262054c90dc7c1bf4d8b1d32,docs/MERCHANT_PILOT_OWNER_DECISIONS.md,MPD-13,QR history depth?,P1,CHILD_OF_EXISTING_ROOT,OM-R13,"QR rollout, exact-shop kanıtı ve merchant history",OWNER_CAN_DECIDE_NOW,NONE,Semantic mapping; no option selected
W30-MPD-14,Wave 30,origin/agent2/w30-minimum-merchant-pilot-surface,a7532adbdab068fc262054c90dc7c1bf4d8b1d32,docs/MERCHANT_PILOT_OWNER_DECISIONS.md,MPD-14,Review capability?,P1,CHILD_OF_EXISTING_ROOT,OM-R26,Shop evaluation katkısı ve merchant feed projection,OWNER_CAN_DECIDE_PROVISIONALLY,KVKK,Semantic mapping; no option selected
W30-MPD-15,Wave 30,origin/agent2/w30-minimum-merchant-pilot-surface,a7532adbdab068fc262054c90dc7c1bf4d8b1d32,docs/MERCHANT_PILOT_OWNER_DECISIONS.md,MPD-15,Critical notifications?,P1,CHILD_OF_EXISTING_ROOT,OM-R14,"Lean Operations, support, staffing ve yetki",OWNER_CAN_DECIDE_NOW,LAWYER,Semantic mapping; no option selected
W30-MPD-16,Wave 30,origin/agent2/w30-minimum-merchant-pilot-surface,a7532adbdab068fc262054c90dc7c1bf4d8b1d32,docs/MERCHANT_PILOT_OWNER_DECISIONS.md,MPD-16,Android-only merchant pilot?,P1,CHILD_OF_EXISTING_ROOT,OM-R11,Minimum Merchant App ve assisted operating model,OWNER_CAN_DECIDE_NOW,NONE,Semantic mapping; no option selected
W30-MPD-17,Wave 30,origin/agent2/w30-minimum-merchant-pilot-surface,a7532adbdab068fc262054c90dc7c1bf4d8b1d32,docs/MERCHANT_PILOT_OWNER_DECISIONS.md,MPD-17,Merchant verification evidence set?,P1,CHILD_OF_EXISTING_ROOT,OM-R10,"Merchant sector, verification ve policy allowlist",OWNER_CAN_DECIDE_PROVISIONALLY,LAWYER;REGULATORY,Semantic mapping; no option selected
W30-MPD-18,Wave 30,origin/agent2/w30-minimum-merchant-pilot-surface,a7532adbdab068fc262054c90dc7c1bf4d8b1d32,docs/MERCHANT_PILOT_OWNER_DECISIONS.md,MPD-18,Support coverage/pause rule?,P1,CHILD_OF_EXISTING_ROOT,OM-R14,"Lean Operations, support, staffing ve yetki",OWNER_CAN_DECIDE_NOW,LAWYER,Semantic mapping; no option selected
W30-MPD-19,Wave 30,origin/agent2/w30-minimum-merchant-pilot-surface,a7532adbdab068fc262054c90dc7c1bf4d8b1d32,docs/MERCHANT_PILOT_OWNER_DECISIONS.md,MPD-19,One operator combines roles?,P1,CHILD_OF_EXISTING_ROOT,OM-R14,"Lean Operations, support, staffing ve yetki",OWNER_CAN_DECIDE_NOW,LAWYER,Semantic mapping; no option selected
W30-MPD-20,Wave 30,origin/agent2/w30-minimum-merchant-pilot-surface,a7532adbdab068fc262054c90dc7c1bf4d8b1d32,docs/MERCHANT_PILOT_OWNER_DECISIONS.md,MPD-20,Multi-staff trigger?,P2,DEFERRED_FUTURE_DECISION,OM-R09,"Merchant organization, authority ve pilot cohort",OWNER_CAN_DECIDE_NOW,NONE,Semantic mapping; no option selected
W30-MPD-21,Wave 30,origin/agent2/w30-minimum-merchant-pilot-surface,a7532adbdab068fc262054c90dc7c1bf4d8b1d32,docs/MERCHANT_PILOT_OWNER_DECISIONS.md,MPD-21,Multi-branch trigger?,P2,DEFERRED_FUTURE_DECISION,OM-R09,"Merchant organization, authority ve pilot cohort",OWNER_CAN_DECIDE_NOW,NONE,Semantic mapping; no option selected
W30-MPD-22,Wave 30,origin/agent2/w30-minimum-merchant-pilot-surface,a7532adbdab068fc262054c90dc7c1bf4d8b1d32,docs/MERCHANT_PILOT_OWNER_DECISIONS.md,MPD-22,Analytics surface?,P2,DEFERRED_FUTURE_DECISION,OM-R15,"Pilot KPI, analytics, monitoring ve privacy sınırı",OWNER_CAN_DECIDE_PROVISIONALLY,KVKK,Semantic mapping; no option selected
W30-MPD-23,Wave 30,origin/agent2/w30-minimum-merchant-pilot-surface,a7532adbdab068fc262054c90dc7c1bf4d8b1d32,docs/MERCHANT_PILOT_OWNER_DECISIONS.md,MPD-23,App packaging path?,P1,IMPLEMENTATION_DETAIL_NOT_OWNER_DECISION,OM-R11,Minimum Merchant App ve assisted operating model,OWNER_CAN_DECIDE_NOW,NONE,Semantic mapping; no option selected
W30-MPD-24,Wave 30,origin/agent2/w30-minimum-merchant-pilot-surface,a7532adbdab068fc262054c90dc7c1bf4d8b1d32,docs/MERCHANT_PILOT_OWNER_DECISIONS.md,MPD-24,Pilot stop conditions?,P0,CHILD_OF_EXISTING_ROOT,OM-R31,Pilot pause ve expansion ölçütleri,OWNER_CAN_DECIDE_NOW,NONE,Semantic mapping; no option selected
