"SCREEN_ID","FEATURE","VIEW","FILE","CUSTOMER_SCOPE","TARGET_WAVE","PRIORITY","CANONICAL_DEPENDENCIES","FUNCTIONAL_INVARIANTS","OWNER_VISUAL_GATE"
"SCR-001","auth","CustomerLaunchGate","lib/features/auth/presentation/views/on_boarding/customer_launch_gate.dart","PRIMARY","2","P0","ScreenShell;StateShell","startup/session/onboarding decision","YES"
"SCR-002","auth","OnBoardingView","lib/features/auth/presentation/views/on_boarding/on_boarding_view.dart","PRIMARY","9","P2","Button;PageIndicator","onboarding persistence and skip","YES"
"SCR-003","auth","LoginView","lib/features/auth/presentation/views/login/login_view.dart","PRIMARY","2","P0","TextField;Button;AuthFormCard","auth errors and return-to-caller","YES"
"SCR-004","auth","SignUpView","lib/features/auth/presentation/views/signup/sign_up_view.dart","PRIMARY","2","P0","TextField;Button;AuthFormCard","signup consent and session flow","YES"
"SCR-005","auth","VerifyEmailView","lib/features/auth/presentation/views/signup/verify_email_view.dart","PRIMARY","9","P1","StateShell;Button","verification callback and resend rules","NO"
"SCR-006","auth","ForgetPasswordView","lib/features/auth/presentation/views/password_configuration/forget_password_view.dart","PRIMARY","9","P1","TextField;Button;StateShell","recovery request","NO"
"SCR-007","auth","InvalidPasswordRecoveryView","lib/features/auth/presentation/views/password_configuration/invalid_password_recovery_view.dart","PRIMARY","9","P1","StateShell;Button","invalid callback handling","NO"
"SCR-008","auth","ResetPasswordView","lib/features/auth/presentation/views/password_configuration/reset_password_view.dart","PRIMARY","9","P1","TextField;Button","reset validation/session","NO"
"SCR-009","auth","UpdatePasswordView","lib/features/auth/presentation/views/password_configuration/update_password_view.dart","PRIMARY","9","P1","TextField;Button","reauth/update behavior","NO"
"SCR-010","auth","KvkkInformationView","lib/features/auth/presentation/views/legal/legal_document_views.dart","PRIMARY","9","P1","DocumentShell","legal text content and scroll","NO"
"SCR-011","auth","TermsOfUseView","lib/features/auth/presentation/views/legal/legal_document_views.dart","PRIMARY","9","P1","DocumentShell","legal text content and scroll","NO"
"SCR-012","shop","HomeView","lib/features/shop/presentation/views/home_view.dart","PRIMARY","3","P0","BottomNav;SearchField;CategoryCard;ProductCard;MerchantCard","guest discovery and location gate","YES"
"SCR-013","shop","NearbyView","lib/features/shop/presentation/views/nearby_view.dart","PRIMARY","9","P1","LocationField;MerchantCard;StateShell","location/login policy and results","YES"
"SCR-014","shop","AllProductsView","lib/features/shop/presentation/views/all_products_view.dart","PRIMARY","4","P0","SearchField;CategoryRow;ProductCard;StateShell","search pagination filters navigation","YES"
"SCR-015","shop","SubCategoryView","lib/features/shop/presentation/views/sub_category_view.dart","PRIMARY","4","P0","Breadcrumb;CategoryRow;ProductCard","dynamic taxonomy depth","YES"
"SCR-016","shop","ProductDetailsView","lib/features/shop/presentation/views/product_details_view.dart","PRIMARY","5","P0","MediaFrame;RatingSummary;SellerPriceRow;Button","product identity sellers cart/wishlist","YES"
"SCR-017","shop","ProductReviewsView","lib/features/shop/presentation/views/product_reviews_view.dart","PRIMARY","8","P0","ReviewCard;ReviewEditor;VerifiedBadge;StateShell","review rights and eligibility","YES"
"SCR-018","shop","ShopProfileView","lib/features/shop/presentation/views/shop_profile_view.dart","PRIMARY","6","P0","MerchantHeader;RatingSummary;ProductCard;Button","directions/chat/auth/shop products","YES"
"SCR-019","shop","CartV2View","lib/features/shop/presentation/views/cart_v2_view.dart","PRIMARY","7","P0","CartShopHeader;CartItem;ConflictState;QRSheet","single-store totals QR and confirmations","YES"
"SCR-020","shop","WishlistView","lib/features/shop/presentation/views/wishlist_view.dart","PRIMARY","9","P1","ProductCard;StateShell","auth and favorite state","NO"
"SCR-021","shop","RecentlyViewedProductsView","lib/features/shop/presentation/views/recently_viewed_products_view.dart","PRIMARY","9","P2","ProductCard;StateShell","history and product navigation","NO"
"SCR-022","personalization","SettingsView","lib/features/personalization/presentation/views/settings_view.dart","PRIMARY","9","P1","AppBar;SettingsRow;BottomNav","route map unread/account actions","NO"
"SCR-023","personalization","ProfileView","lib/features/personalization/presentation/views/profile_view.dart","PRIMARY","9","P1","ProfileHeader;TextField;BottomSheet","profile read/update","NO"
"SCR-024","personalization","UserAddressesView","lib/features/personalization/presentation/views/user_addresses_view.dart","PRIMARY","9","P1","AddressRow;StateShell","address CRUD/navigation","NO"
"SCR-025","personalization","AddNewAddressesView","lib/features/personalization/presentation/views/add_new_addresses_view.dart","PRIMARY","9","P1","TextField;Button","address validation/save","NO"
"SCR-026","personalization","CustomerSavedLocationsView","lib/features/personalization/presentation/views/customer_saved_locations_view.dart","PRIMARY","9","P1","LocationField;AddressRow;StateShell","location permission and persistence","YES"
"SCR-027","personalization","PrivacyAndPermissionsView","lib/features/personalization/presentation/views/privacy_and_permissions_view.dart","PRIMARY","9","P1","SettingsRow;StateChip","permission truth and platform links","NO"
"SCR-028","personalization","HelpAndSupportView","lib/features/personalization/presentation/views/help_and_support_view.dart","PRIMARY","9","P2","DocumentShell;SettingsRow","support links/content","NO"
"SCR-029","personalization","CustomerCouponsView","lib/features/personalization/presentation/views/customer_coupons_view.dart","PRIMARY","10","P2","StateShell","do not imply active reward engine","YES"
"SCR-030","chat","ConversationsView","lib/features/chat/presentation/views/conversations_view.dart","PRIMARY","9","P1","ConversationRow;StateShell","unread/realtime/navigation","NO"
"SCR-031","chat","ChatView","lib/features/chat/presentation/views/chat_view.dart","PRIMARY","9","P1","MessageBubble;Composer;StateShell","realtime order dedup and send","YES"
"SCR-032","notifications","CustomerNotificationsView","lib/features/notifications/presentation/views/customer_notifications_view.dart","PRIMARY","9","P1","NotificationRow;StateShell","read/unread recipient/navigation","NO"
"SCR-033","purchases","PurchasesView","lib/features/purchases/presentation/views/purchases_view.dart","PRIMARY","8","P0","PurchaseCard;VerifiedBadge;StateShell","verified purchase semantics","YES"
"SCR-034","purchases","CustomerRatingsView","lib/features/purchases/presentation/views/customer_ratings_view.dart","PRIMARY","8","P0","RatingInput;ReviewEditor;StateShell","rating/review eligibility","YES"
"SCR-035","shop","MyShopView","lib/features/shop/presentation/views/my_shop_view.dart","MERCHANT_ADJACENT","DEFER","P2","MerchantApp alignment","merchant ownership/admin","NO"
"SCR-036","shop","MyShopFormView","lib/features/shop/presentation/views/my_shop_form_view.dart","MERCHANT_ADJACENT","DEFER","P2","Merchant form system","merchant update semantics","NO"
"SCR-037","cart","MerchantQrScannerView","lib/features/cart/presentation/views/merchant_qr_scanner_view.dart","MERCHANT_ADJACENT","DEFER","P1","Merchant QR system","server QR validation","NO"
"SCR-038","shop","LegacyOrdersView","lib/features/shop/presentation/views/orders_view.dart","LEGACY","EXCLUDE","P2","None","remain isolated from customer journey","NO"
"SCR-039","shop","StoreView","lib/features/shop/presentation/views/store_view.dart","UNREFERENCED_LEGACY","EXCLUDE","P2","None","do not activate via rollout","NO"
